低楼层(共34层),1994年,3室1厅,84.31平米,西南,荟芳园,465,5.515359981022417,84.31
低楼层(共31层),2013年,3室2厅,45.06平米,南,阳光里,450,9.986684420772303,45.06
低楼层(共31层),2013年,3室1厅,45.51平米,东,阳光里,420,9.22874093605801,45.51
中楼层(共15层),2009年,3室1厅,49.19平米,南,雷圳碧榕湾海景花园,458,9.310835535677985,49.19
低楼层(共24层),1993年,3室1厅,72.74平米,西北,钜建大厦,400,5.499037668408029,72.74
中楼层(共26层),2018年,3室2厅,62.32平米,东南,前海枫叶大厦,400,6.418485237483954,62.32
高楼层(共33层),2004年,3室2厅,105.9平米,南,现代城华庭,620,5.854579792256846,105.9
高楼层(共33层),2004年,3室2厅,105.95平米,东南,现代城华庭,650,6.134969325153374,105.95
中楼层(共33层),2004年,3室2厅,79.59平米,东北,现代城华庭,560,7.036059806508355,79.59
中楼层(共33层),2002年,3室1厅,87.71平米,西南,万象新园,600,6.840725116862388,87.71
中楼层(共33层),2004年,3室2厅,125.87平米,东北,现代城华庭,700,5.561293397950266,125.87
高楼层(共33层),2004年,3室2厅,105.98平米,西南,现代城华庭,680,6.416304963200604,105.98
高楼层(共32层),2002年,3室1厅,78.46平米,东,万象新园,555,7.073668111139435,78.46
高楼层(共33层),2004年,3室2厅,105.98平米,南,现代城华庭,688,6.49179090394414,105.98
高楼层(共33层),2004年,3室2厅,81.62平米,东南,现代城华庭,610,7.473658417054643,81.62
低楼层(共32层),2002年,3室2厅,84.9平米,东北,万象新园,568,6.6902237926972905,84.9
中楼层(共33层),2004年,3室2厅,118.77平米,南,现代城华庭,692,5.82638713479835,118.77
高楼层(共33层),2002年,3室1厅,102.44平米,西北,万象新园,628,6.13041780554471,102.44
中楼层(共33层),2002年,3室2厅,99.98平米,西南,万象新园,588,5.881176235247049,99.98
中楼层(共33层),2002年,3室2厅,87.71平米,东南,万象新园,560,6.384676775738229,87.71
高楼层(共32层),2002年,3室1厅,84.59平米,东北,万象新园,588,6.9511762619695,84.59
低楼层(共33层),2002年,3室1厅,87.71平米,西南,万象新园,600,6.840725116862388,87.71
中楼层(共21层),1999年,3室2厅,91.52平米,西,海典居,580,6.3374125874125875,91.52
低楼层(共21层),1999年,3室2厅,104.38平米,东,海典居,599,5.738647250431117,104.38
中楼层(共23层),1995年,3室1厅,97.06平米,南,荔园大厦,550,5.666597980630538,97.06
低楼层(共19层),2000年,3室2厅,101.09平米,东南,中海丽苑,630,6.23207043228806,101.09
高楼层(共26层),2002年,3室2厅,90.59平米,南,东方海雅居,616,6.799867535048018,90.59
低楼层(共19层),2000年,3室1厅,101平米,南,中海丽苑,630,6.237623762376238,101.0
高楼层(共31层),1998年,3室2厅,118.76平米,南,鹏都大厦,630,5.30481643651061,118.76
高楼层(共18层),1999年,3室2厅,120.49平米,南,天源大厦,610,5.062660801726285,120.49
低楼层(共9层),1998年,3室2厅,71.94平米,北,南新苑,430,5.977203224909647,71.94
低楼层(共28层),1996年,3室2厅,86.68平米,西北,康乐大厦,450,5.191508998615597,86.68
高楼层(共31层),2011年,3室2厅,66.72平米,西,向南瑞峰花园,520,7.793764988009593,66.72
高楼层(共9层),1997年,3室2厅,112.88平米,南,南新苑,690,6.112686038270731,112.88
低楼层(共32层),2000年,3室1厅,116.59平米,西南,怡园大厦,540,4.6316150613260145,116.59
高楼层(共14层),2007年,3室1厅,58.67平米,南,美丽湾国际公寓,530,9.033577637634226,58.67
低楼层(共26层),2002年,3室2厅,77.36平米,东南,东方海雅居,548,7.083764219234746,77.36
中楼层(共23层),1995年,3室2厅,97.06平米,南,荔园大厦,480,4.9453946012775605,97.06
高楼层(共26层),2009年,3室1厅,66.45平米,东,向南海德大厦,480,7.223476297968397,66.45
低楼层(共11层),2003年,3室1厅,74.87平米,西,海岸明珠园,690,9.21597435554962,74.87
中楼层(共28层),1996年,3室2厅,86.68平米,东南,康乐大厦,485,5.595293031841255,86.68
中楼层(共31层),1993年,3室2厅,102.7平米,西南,愉康大厦,470,4.576436222005842,102.7
中楼层(共28层),1996年,3室2厅,86.66平米,东南,康乐大厦,449,5.181167782137088,86.66
低楼层(共17层),2012年,3室2厅,63.71平米,东南,中泰天成南山一品,628,9.857165280175796,63.71
高楼层(共32层),2003年,3室2厅,88.87平米,北东北,金晖大厦,485,5.457409699561157,88.87
高楼层(共32层),2000年,3室2厅,98.05平米,北,怡园大厦,460,4.691483936766955,98.05
低楼层(共24层),2006年,3室2厅,69.22平米,东南,南海大厦,485,7.006645478185495,69.22
中楼层(共32层),2000年,3室2厅,98.05平米,南,怡园大厦,458,4.671086180520143,98.05
中楼层(共32层),2000年,3室2厅,98.05平米,东南,怡园大厦,488,4.977052524222335,98.05
低楼层(共7层),1996年,3室2厅,92平米,南,愉康花园,498,5.413043478260869,92.0
中楼层(共26层),2002年,3室1厅,78.26平米,东,东方海雅居,550,7.027855865065167,78.26
低楼层(共12层),2004年,3室1厅,79.9平米,东南西南,新街口花园,580,7.259073842302878,79.9
低楼层(共28层),1996年,3室1厅,86.68平米,西北,康乐大厦,480,5.537609598523304,86.68
低楼层(共16层),1998年,3室1厅,91.32平米,东南南,世纪广场,516,5.650459921156374,91.32
中楼层(共31层),1998年,3室2厅,119.21平米,南,鹏都大厦,638,5.351900008388558,119.21
高楼层(共32层),2003年,3室2厅,88.87平米,东北,金晖大厦,588,6.616405986272082,88.87
中楼层(共7层),1995年,3室2厅,76.22平米,东南,康乐园,418,5.48412490160063,76.22
高楼层(共26层),2002年,3室2厅,90.69平米,东北,东方海雅居,650,7.1672731282390565,90.69
低楼层(共31层),1993年,3室1厅,102.7平米,南,愉康大厦,498,4.849074975657254,102.7
低楼层(共31层),1993年,3室1厅,102.7平米,东北,愉康大厦,680,6.621226874391431,102.7
中楼层(共9层),1997年,3室1厅,63.58平米,南,南海城中心,468,7.360805284680717,63.58
高楼层(共24层),2006年,3室2厅,68.04平米,南北西,南海大厦,620,9.112286890064667,68.04
中楼层(共31层),1993年,3室2厅,102.7平米,南西,愉康大厦,485,4.722492697176241,102.7
低楼层(共22层),1997年,3室1厅,131.6平米,东,山东大厦,650,4.939209726443769,131.6
中楼层(共9层),1997年,3室2厅,112.88平米,南北,南新苑,620,5.492558469170801,112.88
中楼层(共28层),1996年,3室1厅,86.68平米,东南,康乐大厦,450,5.191508998615597,86.68
中楼层(共31层),2011年,3室2厅,66.72平米,西,向南瑞峰花园,498,7.4640287769784175,66.72
中楼层(共22层),1995年,3室1厅,104.79平米,北,海珠城,700,6.68002672010688,104.79
低楼层(共28层),1996年,3室2厅,86.66平米,东南,康乐大厦,430,4.96192014770367,86.66
中楼层(共32层),2002年,3室2厅,129.96平米,东南,汇宾广场,675,5.193905817174515,129.96
低楼层(共29层),2003年,3室1厅,115.6平米,东,深航飞行员公寓,630,5.449826989619377,115.6
高楼层(共31层),2013年,3室1厅,56.95平米,东南,阳光里,568,9.973661106233537,56.95
低楼层(共17层),1999年,3室1厅,77.69平米,东,学府花园,580,7.465568284206462,77.69
低楼层(共9层),1999年,3室1厅,85.84平米,东南,鸿瑞花园一期,690,8.03821062441752,85.84
中楼层(共26层),2009年,3室1厅,66.42平米,东,向南海德大厦,515,7.753688647997591,66.42
高楼层(共26层),2002年,3室1厅,95.21平米,南,东方海雅居,690,7.247137905682177,95.21
低楼层(共20层),1999年,3室1厅,85.52平米,北,跃华园,442,5.168381665107577,85.52
高楼层(共7层),1995年,3室2厅,76.22平米,南,康乐园,480,6.297559695617948,76.22
高楼层(共20层),1999年,3室1厅,85.52平米,南,跃华园,430,5.028063610851263,85.52
中楼层(共10层),1994年,3室1厅,74.7平米,东南,华联花园,600,8.032128514056225,74.7
低楼层(共16层),1997年,3室1厅,84.19平米,西南,世纪广场,490,5.820168666112365,84.19
中楼层(共23层),1995年,3室2厅,84.36平米,南,荔园大厦,440,5.215742057847321,84.36
高楼层(共26层),2009年,3室2厅,63.18平米,东,向南海德大厦,468,7.407407407407407,63.18
中楼层(共15层),2002年,3室1厅,96.29平米,西南,福满园,650,6.750441375012981,96.29
中楼层(共29层),2003年,3室2厅,115.6平米,东北,深航飞行员公寓,598,5.173010380622838,115.6
低楼层(共34层),1994年,3室1厅,84.31平米,东北,荟芳园,465,5.515359981022417,84.31
低楼层(共23层),1995年,3室1厅,86.02平米,南,荔园大厦,450,5.231341548477099,86.02
高楼层(共32层),2003年,3室2厅,88.87平米,东北,金晖大厦,588,6.616405986272082,88.87
高楼层(共31层),1993年,3室2厅,102.7平米,东南,愉康大厦,480,4.673807205452775,102.7
中楼层(共17层),2012年,3室2厅,63.58平米,东南,中泰天成南山一品,635,9.987417426863795,63.58
低楼层(共31层),2011年,3室1厅,69.11平米,南,向南瑞峰花园,620,8.971205324844451,69.11
低楼层(共23层),1995年,3室2厅,97.06平米,东北,荔园大厦,480,4.9453946012775605,97.06
中楼层(共9层),2000年,3室1厅,83.07平米,南北西南,金晖大厦,510,6.139400505597689,83.07
中楼层(共18层),2008年,3室2厅,71平米,东南,南荔苑,558,7.859154929577465,71.0
中楼层(共23层),1995年,3室1厅,86.02平米,西北,荔园大厦,455,5.2894675656824,86.02
中楼层(共32层),2003年,3室2厅,76.3平米,南北,金晖大厦,520,6.8152031454783755,76.3
中楼层(共16层),1997年,3室2厅,91.94平米,东,世纪广场,520,5.6558625190341525,91.94
中楼层(共32层),2002年,3室1厅,129.96平米,南,汇宾广场,688,5.293936595875654,129.96
低楼层(共13层),1999年,3室2厅,92.74平米,南,学府花园,613,6.609877075695493,92.74
中楼层(共28层),1996年,3室2厅,86.68平米,西北,康乐大厦,435,5.018458698661744,86.68
高楼层(共29层),2003年,3室2厅,112.36平米,东北,深航飞行员公寓,650,5.784976860092559,112.36
中楼层(共13层),1999年,3室2厅,101.65平米,北,学府花园,660,6.492867683226758,101.65
中楼层(共16层),1997年,3室2厅,84.19平米,东南,世纪广场,490,5.820168666112365,84.19
中楼层(共26层),2002年,3室2厅,104.78平米,东南,东方海雅居,678,6.470700515365528,104.78
中楼层(共29层),2003年,3室2厅,112.36平米,西南,深航飞行员公寓,650,5.784976860092559,112.36
高楼层(共31层),2013年,3室2厅,55.31平米,南,阳光里,550,9.943952269029108,55.31
高楼层(共33层),1995年,3室1厅,120平米,西北,荟芳园,650,5.416666666666667,120.0
高楼层(共23层),1995年,3室1厅,97.06平米,东北,荔园大厦,550,5.666597980630538,97.06
中楼层(共18层),2008年,3室2厅,71.53平米,南,南荔苑,550,7.689081504263945,71.53
中楼层(共32层),2002年,3室1厅,114平米,东南,汇宾广场,580,5.087719298245614,114.0
高楼层(共34层),1994年,3室1厅,84.31平米,东北,荟芳园,498,5.906772624836911,84.31
中楼层(共32层),2002年,3室2厅,99.29平米,西南,汇宾广场,480,4.834323698257629,99.29
低楼层(共31层),2011年,3室2厅,68.13平米,西南,向南瑞峰花园,400,5.871128724497285,68.13
高楼层(共33层),2002年,3室2厅,102.44平米,东北,万象新园,622.8,6.079656384224911,102.44
高楼层(共32层),2002年,3室1厅,107.55平米,西北,万象新园,698,6.490004649000465,107.55
低楼层(共33层),2002年,3室1厅,99.98平米,南,万象新园,575,5.751150230046009,99.98
中楼层(共33层),2002年,3室2厅,99.98平米,东,万象新园,630,6.30126025205041,99.98
低楼层(共32层),2002年,3室1厅,84.59平米,北,万象新园,560,6.620167868542381,84.59
中楼层(共33层),2002年,3室2厅,87.71平米,南,万象新园,520,5.92862843461407,87.71
中楼层(共15层),2004年,3室2厅,88.09平米,东,现代城华庭,520,5.903053695084572,88.09
高楼层(共33层),2002年,3室2厅,99.98平米,东南,万象新园,599,5.99119823964793,99.98
中楼层(共33层),2004年,3室2厅,118.78平米,东南,现代城华庭,688,5.792220912611551,118.78
高楼层(共32层),2002年,3室2厅,104.13平米,南,万象新园,609,5.848458657447422,104.13
中楼层(共21层),1999年,3室2厅,110.3平米,南,海典居,600,5.43970988213962,110.3
低楼层(共21层),1999年,3室2厅,70.45平米,东南西南,海典居,475,6.742370475514549,70.45
中楼层(共32层),2000年,3室2厅,116.59平米,南,怡园大厦,555,4.760271035251737,116.59
高楼层(共26层),2009年,3室1厅,63.94平米,东,向南海德大厦,470,7.3506412261495155,63.94
低楼层(共33层),1995年,3室2厅,120.38平米,西南,荟芳园,560,4.651935537464695,120.38
高楼层(共11层),2000年,3室2厅,70.93平米,南,鸿瑞花园二期,637,8.980685182574367,70.93
中楼层(共26层),2002年,3室2厅,77.36平米,南,东方海雅居,498,6.437435367114788,77.36
中楼层(共10层),1997年,3室1厅,105.44平米,西南,南海城中心,678,6.430197268588771,105.44
中楼层(共9层),1997年,3室2厅,86.87平米,东南,南新苑,535,6.158627834695522,86.87
高楼层(共18层),2008年,3室1厅,71.89平米,南,南荔苑,575,7.99833078314091,71.89
中楼层(共29层),2004年,3室1厅,65平米,西北,西海明珠,560,8.615384615384615,65.0
高楼层(共34层),1995年,3室1厅,84.31平米,西北,荟芳园,488,5.788162732771913,84.31
低楼层(共13层),1999年,3室1厅,92.91平米,东南南,学府花园,620,6.6731245291141965,92.91
高楼层(共22层),1995年,3室1厅,101.69平米,南,海珠城,680,6.686989871177107,101.69
中楼层(共29层),2003年,3室2厅,112.36平米,西南,深航飞行员公寓,630,5.606977572089711,112.36
中楼层(共28层),1996年,3室2厅,86.68平米,南,康乐大厦,475,5.479926165205352,86.68
低楼层(共31层),2003年,3室2厅,78.95平米,西,时代骄子大厦,440,5.573147561747941,78.95
低楼层(共31层),1993年,3室1厅,102.35平米,西南,愉康大厦,580,5.666829506595017,102.35
中楼层(共31层),2003年,3室1厅,78.95平米,东,时代骄子大厦,450,5.699810006333122,78.95
中楼层(共31层),1998年,3室2厅,119.55平米,东北,鹏都大厦,650,5.437055625261397,119.55
中楼层(共32层),2002年,3室1厅,100平米,南北,汇宾广场,580,5.8,100.0
低楼层(共26层),2002年,3室1厅,104.78平米,南,东方海雅居,665,6.346631036457339,104.78
高楼层(共24层),2006年,3室2厅,69.46平米,东南,南海大厦,580,8.350129570976103,69.46
低楼层(共31层),1998年,3室2厅,118.76平米,东南,鹏都大厦,558,4.698551700909397,118.76
低楼层(共31层),2013年,3室2厅,66.98平米,西北,阳光里,585,8.733950432965063,66.98
低楼层(共11层),2002年,3室2厅,96.23平米,东南,荔雅居,660,6.858568014132807,96.23
高楼层(共33层),1996年,3室2厅,129.82平米,南,怡海广场,600,4.621784008627331,129.82
高楼层(共32层),2002年,3室2厅,99.29平米,东南,汇宾广场,550,5.539329237586866,99.29
中楼层(共12层),2004年,3室2厅,79.83平米,南,新街口花园,528,6.614054866591507,79.83
低楼层(共22层),1997年,3室2厅,114.58平米,东,山东大厦,520,4.538313841857217,114.58
高楼层(共22层),1995年,3室2厅,104.79平米,东北,海珠城,628,5.992938257467316,104.79
高楼层(共32层),2000年,3室2厅,98.05平米,北,怡园大厦,460,4.691483936766955,98.05
中楼层(共33层),1996年,3室2厅,111.3平米,南,怡海广场,488,4.384546271338724,111.3
低楼层(共23层),1995年,3室1厅,97.06平米,东南,荔园大厦,478,4.924788790438904,97.06
高楼层(共31层),1998年,3室1厅,124.07平米,北东北,鹏都大厦,620,4.997179011848151,124.07
高楼层(共33层),1996年,3室2厅,129.82平米,南,怡海广场,612,4.714219688799877,129.82
中楼层(共20层),1999年,3室2厅,87.45平米,东南,跃华园,410,4.688393367638651,87.45
中楼层(共33层),1997年,3室2厅,120平米,西北,荟芳园,580,4.833333333333333,120.0
高楼层(共31层),2003年,3室1厅,78.62平米,东,金晖大厦,510,6.486899007886033,78.62
高楼层(共31层),1993年,3室1厅,78.6平米,西北,愉康大厦,460,5.852417302798982,78.6
中楼层(共20层),2002年,3室1厅,68.38平米,西,四达大厦,450,6.580871599883007,68.38
中楼层(共31层),1993年,3室2厅,102.35平米,东南,愉康大厦,510,4.982901807523205,102.35
中楼层(共32层),2000年,3室2厅,98.05平米,南,怡园大厦,490,4.997450280469149,98.05
高楼层(共31层),2011年,3室2厅,64.2平米,东,向南瑞峰花园,520,8.09968847352025,64.2
中楼层(共31层),2011年,3室1厅,66.72平米,西,向南瑞峰花园,515,7.718824940047962,66.72
高楼层(共28层),1996年,3室2厅,86.68平米,东南,康乐大厦,448,5.168435625288417,86.68
中楼层(共14层),2003年,3室2厅,73.23平米,西北,海岸明珠园,700,9.558923938276662,73.23
低楼层(共26层),2009年,3室2厅,66.45平米,东南,向南海德大厦,479,7.208427389014296,66.45
低楼层(共28层),1996年,3室2厅,86.66平米,东南,康乐大厦,450,5.1927071313177935,86.66
高楼层(共32层),2002年,3室2厅,99平米,南,汇宾广场,520,5.252525252525253,99.0
中楼层(共32层),2000年,3室2厅,98平米,北,怡园大厦,468,4.775510204081633,98.0
中楼层(共31层),1993年,3室2厅,102.47平米,东南,愉康大厦,480,4.684297843271201,102.47
低楼层(共18层),1999年,3室2厅,82.19平米,东南,天源大厦,469,5.706290302956564,82.19
低楼层(共32层),2002年,3室2厅,129.97平米,南,汇宾广场,700,5.385858274986536,129.97
高楼层(共31层),2011年,3室2厅,64.2平米,西,向南瑞峰花园,510,7.943925233644859,64.2
低楼层(共22层),1995年,3室2厅,101.69平米,西南,海珠城,598,5.880617563182221,101.69
低楼层(共21层),2001年,3室2厅,89平米,东南,缤纷假日豪园,658,7.393258426966292,89.0
高楼层(共26层),2009年,3室1厅,66.45平米,东,向南海德大厦,468,7.042889390519187,66.45
低楼层(共23层),1995年,3室1厅,86.02平米,南,荔园大厦,459,5.335968379446641,86.02
高楼层(共33层),1995年,3室1厅,120.38平米,西北东北,荟芳园,545,4.527330121282605,120.38
低楼层(共32层),2002年,3室1厅,129.96平米,南,汇宾广场,645,4.963065558633425,129.96
中楼层(共33层),1995年,3室1厅,120.38平米,东南,荟芳园,570,4.735005814919422,120.38
中楼层(共31层),1998年,3室2厅,119.55平米,东南南,鹏都大厦,699,5.846925972396487,119.55
高楼层(共31层),2011年,3室1厅,64.1平米,西,向南瑞峰花园,530,8.26833073322933,64.1
中楼层(共25层),2004年,3室1厅,100.31平米,南,中润百分百公寓,638,6.360283122320805,100.31
中楼层(共31层),1993年,3室2厅,102.35平米,南北,愉康大厦,480,4.689789936492428,102.35
中楼层(共29层),2003年,3室2厅,115.59平米,东南,深航飞行员公寓,630,5.450298468725668,115.59
高楼层(共18层),2008年,3室2厅,71.89平米,南北,南荔苑,580,8.067881485603005,71.89
高楼层(共31层),1993年,3室2厅,102.35平米,东,愉康大厦,480,4.689789936492428,102.35
高楼层(共22层),1995年,3室2厅,101.69平米,西,海珠城,698,6.863998426590618,101.69
中楼层(共31层),2013年,3室2厅,66.98平米,北,阳光里,600,8.957897879964168,66.98
高楼层(共16层),1998年,3室1厅,74.4平米,东南,世纪广场,425,5.712365591397849,74.4
低楼层(共32层),2002年,3室1厅,114.09平米,东,汇宾广场,660,5.7849066526426505,114.09
低楼层(共31层),2011年,3室2厅,63.12平米,西,向南瑞峰花园,490,7.76299112801014,63.12
高楼层(共33层),2010年,3室1厅,57.57平米,南,汉京山,550,9.553586937641132,57.57
低楼层(共32层),2000年,3室1厅,98.05平米,南,怡园大厦,490,4.997450280469149,98.05
高楼层(共31层),2013年,3室2厅,66.84平米,西北,阳光里,699,10.457809694793536,66.84
低楼层(共26层),2002年,3室2厅,77.36平米,西,东方海雅居,480,6.204756980351603,77.36
高楼层(共28层),1996年,3室1厅,86.52平米,东南,康乐大厦,490,5.6634304207119746,86.52
中楼层(共29层),2003年,3室1厅,112.36平米,东南,深航飞行员公寓,660,5.873976504093983,112.36
高楼层(共31层),2011年,3室1厅,64.31平米,东,向南瑞峰花园,650,10.10729280049759,64.31
高楼层(共31层),2013年,3室2厅,59.81平米,西南,阳光里,590,9.864571141949506,59.81
高楼层(共28层),1996年,3室2厅,86.66平米,南东,康乐大厦,458,5.285021924763443,86.66
低楼层(共31层),2011年,3室1厅,64.1平米,西,向南瑞峰花园,499,7.784711388455539,64.1
低楼层(共20层),2002年,3室1厅,68.38平米,西北,四达大厦,450,6.580871599883007,68.38
低楼层(共34层),1994年,3室2厅,84.31平米,东北,荟芳园,480,5.693274819119915,84.31
中楼层(共32层),2000年,3室2厅,116.59平米,南西南,怡园大厦,620,5.317780255596535,116.59
高楼层(共31层),2011年,3室2厅,82.76平米,南,向南瑞峰花园,680,8.216529724504591,82.76
高楼层(共11层),2002年,3室2厅,90.23平米,东北,龙泰轩,598,6.62750748088219,90.23
中楼层(共12层),2004年,3室1厅,79.83平米,南,新街口花园,548,6.864587247901792,79.83
低楼层(共11层),2000年,3室2厅,97.73平米,南,中海丽苑,638,6.528189910979228,97.73
低楼层(共20层),1999年,3室1厅,85.5平米,南,跃华园,520,6.081871345029239,85.5
高楼层(共32层),2000年,3室2厅,98.05平米,东南,怡园大厦,580,5.915349311575727,98.05
中楼层(共18层),2008年,3室1厅,71.96平米,南,南荔苑,570,7.921067259588661,71.96
低楼层(共26层),2002年,3室2厅,104.78平米,西北,东方海雅居,649,6.193930139339568,104.78
高楼层(共22层),1995年,3室2厅,101.69平米,南,海珠城,650,6.391975612154588,101.69
中楼层(共32层),2000年,3室1厅,98.05平米,东南,怡园大厦,520,5.303416624171342,98.05
低楼层(共23层),1995年,3室2厅,97.06平米,东南,荔园大厦,578,5.955079332371729,97.06
低楼层(共24层),2016年,3室2厅,124.57平米,南,凯德公园1号,680,5.458778196997672,124.57
中楼层(共26层),2002年,3室1厅,78.26平米,西,东方海雅居,605,7.7306414515716835,78.26
低楼层(共28层),1996年,3室2厅,86.52平米,东南,康乐大厦,435,5.027739251040222,86.52
高楼层(共26层),2009年,3室2厅,63.69平米,东南,向南海德大厦,490,7.6935154655361915,63.69
高楼层(共31层),2011年,3室2厅,64.2平米,西,向南瑞峰花园,560,8.722741433021806,64.2
低楼层(共23层),1995年,3室1厅,86.02平米,北,荔园大厦,500,5.812601720530109,86.02
高楼层(共31层),2011年,3室2厅,69.58平米,南,向南瑞峰花园,540,7.76085081920092,69.58
高楼层(共31层),2011年,3室1厅,64.2平米,东,向南瑞峰花园,530,8.255451713395638,64.2
高楼层(共28层),1996年,3室1厅,76.68平米,东,康乐大厦,450,5.868544600938967,76.68
中楼层(共34层),1994年,3室2厅,84.31平米,南,荟芳园,530,6.286324279444906,84.31
低楼层(共26层),2002年,3室1厅,77.52平米,南,侨城豪苑,598,7.714138286893705,77.52
中楼层(共26层),2002年,3室2厅,89.27平米,南,侨城豪苑,575,6.441133639520556,89.27
中楼层(共26层),2002年,3室1厅,76.23平米,东南,侨城豪苑,520,6.821461366915912,76.23
高楼层(共26层),2002年,3室2厅,105.64平米,南,侨城豪苑,620,5.868989019310867,105.64
高楼层(共17层),2002年,3室2厅,88.34平米,东南,侨城豪苑,638,7.222096445551279,88.34
中楼层(共26层),2002年,3室2厅,89.4平米,西南,侨城豪苑,630,7.046979865771812,89.4
低楼层(共17层),2002年,3室2厅,86.03平米,南,侨城豪苑,560,6.509357200976403,86.03
中楼层(共17层),2002年,3室2厅,88.34平米,东南,侨城豪苑,650,7.357935250169798,88.34
中楼层(共12层),2005年,3室2厅,67.47平米,北,弘都世纪公寓,580,8.596413220690678,67.47
中楼层(共17层),2004年,3室2厅,81.06平米,南,前海花园三期,600,7.401924500370096,81.06
低楼层(共18层),2004年,3室2厅,98.9平米,西南南,俊峰丽舍,660,6.673407482305358,98.9
高楼层(共7层)3室2厅,77.13平米,南,松坪村菊苑,465
中楼层(共18层),2010年,3室2厅,89.55平米,南北,德意名居一期,680,7.593523171412619,89.55
低楼层(共20层),2003年,3室2厅,90.98平米,东北,桃源村二期,458,5.034073422730271,90.98
高楼层(共15层),1998年,3室1厅,78.28平米,南,太子山庄,630,8.048032703117016,78.28
中楼层(共11层),2004年,3室1厅,100.47平米,南,南国丽城,685,6.817955608639395,100.47
高楼层(共18层),2002年,3室1厅,103.19平米,南,鸿洲新都,600,5.8145169105533485,103.19
中楼层(共44层),2017年,3室1厅,74.77平米,西南,豪方天际花园,650,8.693326200347734,74.77
低楼层(共16层),2002年,3室1厅,62.5平米,东北,星海名城二期八组团,520,8.32,62.5
低楼层(共24层),1993年,3室2厅,88.74平米,东南,钜建大厦,480,5.409060175794456,88.74
中楼层(共11层),2007年,3室2厅,97平米,北,珠光花半里,650,6.701030927835052,97.0
中楼层(共28层),1993年,3室2厅,98.44平米,东南西,海晖大厦,438,4.449410808614385,98.44
中楼层(共48层),2017年,3室1厅,74.59平米,西北,豪方天际花园,615,8.245073066094651,74.59
高楼层(共34层),2016年,3室2厅,82.05平米,东南,深物业前海港湾花园,648,7.897623400365631,82.05
低楼层(共24层),1993年,3室2厅,87.44平米,东,钜建大厦,458,5.237877401646844,87.44
低楼层(共44层),2017年,3室1厅,74.62平米,东南,豪方天际花园,620,8.308764406325382,74.62
高楼层(共31层),2003年,3室1厅,87.43平米,南,雅仕荔景苑,700,8.00640512409928,87.43
中楼层(共17层),2004年,3室2厅,91.38平米,西,前海花园三期,598,6.5441015539505365,91.38
低楼层(共29层),2006年,3室1厅,89.65平米,东南,信和自由广场,670,7.473508087005019,89.65
高楼层(共20层),2001年,3室2厅,112.92平米,东南,东滨华苑,650,5.756287637265321,112.92
高楼层(共34层),2008年,3室2厅,83.2平米,南,桃源村三期,533,6.40625,83.2
中楼层(共34层),2010年,3室2厅,69.97平米,南,深云村,698,9.975703873088467,69.97
低楼层(共12层),2011年,3室2厅,63.61平米,东南,半山语林公寓,530,8.332023266781952,63.61
低楼层(共28层),2006年,3室1厅,88.83平米,南,华府假日大厦,520,5.853878194303726,88.83
中楼层(共15层),2002年,3室2厅,74.99平米,东东北,创世纪滨海花园,590,7.867715695426058,74.99
中楼层(共7层),2005年,3室1厅,104平米,东南,龙福苑,660,6.346153846153846,104.0
低楼层(共49层),2017年,3室2厅,75.59平米,西北,豪方天际花园,700,9.260484191030558,75.59
低楼层(共49层),2017年,3室1厅,75.52平米,西北,豪方天际花园,618,8.183262711864407,75.52
高楼层(共24层),1996年,3室2厅,87.9平米,西北,钜建大厦,490,5.5745164960182025,87.9
中楼层(共17层),2004年,3室2厅,85平米,西南,前海花园三期,690,8.117647058823529,85.0
高楼层(共20层),1999年,3室1厅,92.88平米,南北,桃源村二期,516,5.555555555555556,92.88
高楼层(共17层),2003年,3室2厅,89.68平米,东南,龙都名园,648,7.225691347011597,89.68
高楼层(共34层),2008年,3室2厅,89.28平米,南,桃源村三期,650,7.280465949820789,89.28
高楼层(共35层),2008年,3室1厅,92.21平米,西北,桃源村三期,550,5.96464591692875,92.21
中楼层(共44层),2017年,3室1厅,74.77平米,西南,豪方天际花园,638,8.532834024341314,74.77
中楼层(共34层),2008年,3室2厅,83.11平米,南,桃源村三期,538,6.473348574178799,83.11
高楼层(共26层),2018年,3室2厅,66.61平米,东北,红花雅筑,570,8.557273682630235,66.61
低楼层(共28层),2006年,3室2厅,87.21平米,南,信和自由广场,650,7.453273707143676,87.21
中楼层(共49层),2017年,3室2厅,72.8平米,东北,豪方天际花园,650,8.928571428571429,72.8
中楼层(共25层),2004年,3室1厅,97.75平米,南,东方新地,580,5.9335038363171355,97.75
中楼层(共51层)3室2厅,79.86平米,南,鸿荣源尚璟公馆,690
高楼层(共18层),2010年,3室2厅,87.6平米,南,德意名居二期,620,7.077625570776256,87.6
高楼层(共19层),1999年,3室2厅,90.88平米,南,桃源村二期,520,5.721830985915493,90.88
高楼层(共20层),1999年,3室2厅,92.88平米,南,桃源村二期,518,5.5770887166236,92.88
高楼层(共33层),2008年,3室1厅,83.21平米,南,桃源村三期,580,6.970316067780315,83.21
高楼层(共48层),2017年,3室1厅,75.72平米,东北,豪方天际花园,650,8.584257791864765,75.72
高楼层(共18层),2005年,3室1厅,77.15平米,东南南,晶品居,530,6.869734283862605,77.15
高楼层(共35层),2008年,3室2厅,92.21平米,南,桃源村三期,690,7.482919423056068,92.21
中楼层(共9层),2000年,3室2厅,105.63平米,南西南,星海名城一期二组团,670,6.342895010887059,105.63
低楼层(共18层),2006年,3室2厅,75.7平米,东南南,皇庭香格里花园,538,7.107001321003962,75.7
高楼层(共34层),2008年,3室2厅,89.17平米,东南,桃源村三期,650,7.289447123472019,89.17
中楼层(共9层),2001年,3室2厅,90.59平米,东北,星海名城一期四组团,670,7.395959818964565,90.59
中楼层(共11层),2007年,3室1厅,97.53平米,北,珠光花半里,646,6.62360299395058,97.53
中楼层(共28层),2006年,3室2厅,88.83平米,西南,华府假日大厦,518,5.831363278171789,88.83
高楼层(共26层),2018年,3室1厅,66.61平米,北东西,红花雅筑,700,10.508932592703799,66.61
低楼层(共8层),2000年,3室1厅,88.59平米,东南南,后海名苑居南区,680,7.67580991082515,88.59
高楼层(共18层),2003年,3室2厅,80.18平米,北,如意家园,530,6.610127213769019,80.18
高楼层(共32层),2004年,3室1厅,65.08平米,西北,英达钰龙园,439,6.745543945912723,65.08
高楼层(共12层),2011年,3室2厅,63.4平米,东南,半山语林公寓,550,8.675078864353312,63.4
高楼层(共24层),2012年,3室2厅,77.99平米,南,汉京确悦,680,8.719066546993204,77.99
低楼层(共17层),2009年,3室1厅,66平米,东南,中海阳光玫瑰园,660,10.0,66.0
高楼层(共20层),1999年,3室2厅,93.13平米,东北,桃源村二期,465,4.993020508965961,93.13
中楼层(共24层),2012年,3室1厅,61.68平米,东南,汉京确悦,650,10.538261997405966,61.68
中楼层(共32层),1995年,3室2厅,103.5平米,东南,京光海景花园,530,5.120772946859903,103.5
中楼层(共31层),2003年,3室1厅,86.45平米,东南,雅仕荔景苑,648,7.495662232504338,86.45
高楼层(共34层),2008年,3室2厅,83平米,西南南,桃源村三期,535,6.445783132530121,83.0
低楼层(共17层),2004年,3室1厅,80.23平米,东,前海花园三期,580,7.229216003988532,80.23
中楼层(共17层),2004年,3室2厅,84.84平米,北,前海花园三期,638,7.5200377180575195,84.84
低楼层(共24层),1993年,3室2厅,110.18平米,西,花果山大厦,670,6.0809584316572876,110.18
高楼层(共34层),2008年,3室2厅,92平米,东南,桃源村三期,668,7.260869565217392,92.0
中楼层(共26层),2013年,3室2厅,87.8平米,南,香格名苑,630,7.175398633257403,87.8
中楼层(共31层),1993年,3室2厅,121.9平米,东南,维园大厦,650,5.332239540607055,121.9
低楼层(共34层),2008年,3室2厅,92.24平米,西南,桃源村三期,620,6.7215958369470945,92.24
低楼层(共28层),2006年,3室2厅,70.71平米,北,缤纷年华,699,9.885447602885025,70.71
低楼层(共20层),2003年,3室1厅,80.81平米,南,前海明珠,630,7.796064843459968,80.81
低楼层(共11层),2004年,3室2厅,91.47平米,北,前海花园,550,6.012900404504209,91.47
中楼层(共17层),2009年,3室2厅,65.75平米,东南,中海阳光玫瑰园,660,10.038022813688213,65.75
中楼层(共18层),2008年,3室2厅,76.96平米,北,香榭峰景苑,525,6.8217255717255725,76.96
高楼层(共9层),2001年,3室2厅,70.27平米,南,星海名城一期五组团,650,9.250035577059911,70.27
中楼层(共20层),2003年,3室2厅,92.88平米,东南,桃源村二期,550,5.921619293712317,92.88
低楼层(共20层),1999年,3室2厅,92.54平米,北,桃源村二期,530,5.727253079749297,92.54
中楼层(共42层),2018年,3室1厅,84.5平米,南,塘朗城,470,5.562130177514793,84.5
低楼层(共18层),2003年,3室2厅,91.98平米,南,如意家园,630,6.8493150684931505,91.98
中楼层(共15层),2011年,3室1厅,77.72平米,东南,鼎胜山邻居,590,7.591353576942872,77.72
中楼层(共20层),1999年,3室1厅,92.88平米,南,桃源村二期,500,5.383290267011198,92.88
中楼层(共44层),2017年,3室2厅,74.62平米,南,豪方天际花园,650,8.710801393728222,74.62
高楼层(共11层),2006年,3室1厅,92.6平米,北,天地峰景,670,7.235421166306696,92.6
高楼层(共19层),1999年,3室2厅,88.42平米,东,南海台大厦,550,6.220312146573173,88.42
中楼层(共34层),2016年,3室2厅,81平米,东南,深物业前海港湾花园,630,7.777777777777778,81.0
低楼层(共18层),2003年,3室2厅,79.92平米,南,仓前锦福苑,420,5.255255255255255,79.92
中楼层(共26层),2016年,3室2厅,85.8平米,南,香格名苑,650,7.575757575757576,85.8
中楼层(共33层),2008年,3室2厅,91.54平米,南,桃源村三期,583,6.3688005243609345,91.54
中楼层(共32层),2004年,3室1厅,68.19平米,南,英达钰龙园,480,7.039155301363836,68.19
中楼层(共11层),2009年,3室2厅,82.89平米,南,方鼎华庭,660,7.9623597538906985,82.89
中楼层(共32层),2008年,3室2厅,83.14平米,南,桃源村三期,618,7.433245128698581,83.14
高楼层(共25层),2004年,3室2厅,97.75平米,南,东方新地,560,5.728900255754476,97.75
高楼层(共11层),2000年,3室2厅,87平米,南,宝珠花园,566,6.505747126436781,87.0
低楼层(共20层),2000年,3室2厅,92.54平米,东北,桃源村二期,440,4.754700669980549,92.54
高楼层(共8层),1997年,3室2厅,97.6平米,北,大陆庄园,520,5.327868852459017,97.6
中楼层(共20层),2003年,3室1厅,93.22平米,东南,桃源村二期,500,5.36365586783952,93.22
高楼层(共17层),2009年,3室1厅,65.72平米,东南,中海阳光玫瑰园,698,10.620815581253805,65.72
中楼层(共35层),2008年,3室2厅,71.68平米,南西北,桃源村三期,518,7.226562499999999,71.68
中楼层(共9层),2003年,3室2厅,89.69平米,北,水木华庭,690,7.693165347307392,89.69
高楼层(共18层),2003年,3室2厅,106.61平米,东南,如意家园,680,6.378388518900666,106.61
高楼层(共17层),2009年,3室2厅,77.98平米,东北,中海阳光玫瑰园,699,8.963836881251602,77.98
中楼层(共11层),1999年,3室2厅,91.47平米,北,前海花园,568,6.209686235924347,91.47
中楼层(共18层),2010年,3室2厅,89.08平米,南北,德意名居二期,645,7.240682532555007,89.08
低楼层(共17层),2009年,3室2厅,77平米,南,中海阳光玫瑰园,686,8.909090909090908,77.0
低楼层(共7层),1999年,3室2厅,89.87平米,北,前海花园,580,6.453766551685768,89.87
高楼层(共19层),2005年,3室2厅,108.62平米,南北,嘉南美地,670,6.168293132019886,108.62
低楼层(共29层),2003年,3室2厅,79.56平米,西南,现代城梦想家园,588,7.390648567119155,79.56
高楼层(共18层),2004年,3室1厅,94.25平米,西南,俊峰丽舍,700,7.427055702917772,94.25
中楼层(共20层),2000年,3室2厅,93平米,南,桃源村二期,568,6.10752688172043,93.0
高楼层(共18层),2004年,3室2厅,106.99平米,东西,俊峰丽舍,700,6.5426675390223386,106.99
中楼层(共18层),2006年,3室1厅,87.84平米,东南,金色海琴苑,650,7.399817850637523,87.84
低楼层(共17层),2004年,3室2厅,88.45平米,东南,前海花园三期,560,6.331260599208592,88.45
低楼层(共49层),2017年,3室2厅,75.52平米,西北,豪方天际花园,639,8.461334745762713,75.52
中楼层(共20层),1999年,3室2厅,91.58平米,东北,桃源村二期,596,6.507971172745141,91.58
中楼层(共18层),2001年,3室2厅,77.61平米,南,仓前锦福苑,500,6.442468754026543,77.61
高楼层(共28层),2004年,3室1厅,79.7平米,南,星海名城三期,600,7.528230865746549,79.7
低楼层(共34层),2010年,3室2厅,70.24平米,南,深云村,650,9.253986332574032,70.24
高楼层(共8层),2000年,3室2厅,88.5平米,东南,后海名苑居南区,588,6.6440677966101696,88.5
低楼层(共47层),2016年,3室2厅,75.52平米,南,宝能城,668,8.845338983050848,75.52
高楼层(共20层),1999年,3室2厅,91.58平米,西北北,桃源村二期,470,5.13212491810439,91.58
高楼层(共8层),1997年,3室2厅,98.77平米,北,大陆庄园,629,6.368330464716007,98.77
高楼层(共18层),2001年,3室2厅,79.91平米,西南,仓前锦福苑,480,6.00675760230259,79.91
高楼层(共15层),2000年,3室1厅,75.57平米,南,汇园雅居,530,7.013365091967713,75.57
高楼层(共17层),2009年,3室1厅,79.87平米,东南,中海阳光玫瑰园,680,8.513834981845498,79.87
高楼层(共9层),2001年,3室2厅,91.41平米,东北,星海名城一期四组团,688,7.526528826167816,91.41
低楼层(共33层),2008年,3室2厅,82.48平米,南,桃源村三期,600,7.274490785645004,82.48
中楼层(共20层),1999年,3室2厅,93.13平米,东南,桃源村二期,498,5.3473638999248365,93.13
低楼层(共20层),1999年,3室2厅,93平米,北,桃源村二期,540,5.806451612903226,93.0
中楼层(共18层),2001年,3室2厅,106.32平米,南,仓前锦福苑,550,5.17306245297216,106.32
高楼层(共33层),2008年,3室2厅,80.98平米,南北东北,桃源村三期,550,6.791800444554211,80.98
中楼层(共20层),1999年,3室2厅,95.36平米,东北,桃源村二期,559,5.861996644295302,95.36
高楼层(共35层),2008年,3室2厅,89.25平米,西南,桃源村三期,610,6.834733893557423,89.25
中楼层(共19层),1999年,3室2厅,90.75平米,北,桃源村二期,523,5.763085399449036,90.75
高楼层(共15层),2004年,3室2厅,102.31平米,东南南北,中爱花园,698,6.822402502199198,102.31
低楼层(共52层),2023年,3室1厅,78.12平米,东南,鸿荣源尚璟公馆,700,8.960573476702509,78.12
低楼层(共32层),2008年,3室1厅,88.69平米,南北,桃源村三期,550,6.201375577855452,88.69
中楼层(共7层),2002年,3室1厅,93.47平米,北,港湾花园,650,6.954102920723227,93.47
高楼层(共26层),2013年,3室2厅,86.25平米,南,香格名苑,660,7.6521739130434785,86.25
中楼层(共12层),2004年,3室2厅,106.31平米,东,南山豪庭,699,6.575110525820713,106.31
低楼层(共18层),2003年,3室1厅,72.82平米,北,如意家园,550,7.552870090634442,72.82
中楼层(共34层),2010年,3室1厅,69.96平米,南,深云村,680,9.719839908519155,69.96
中楼层(共49层),2017年,3室2厅,75.52平米,西北,豪方天际花园,686,9.083686440677967,75.52
中楼层(共32层),2010年,3室2厅,72.27平米,西南,恒立心海湾花园,575,7.956275079562751,72.27
中楼层(共11层),2000年,3室1厅,104.08平米,北,宝珠花园,630,6.053036126056879,104.08
低楼层(共32层),2000年,3室2厅,97.23平米,南,汇景豪苑,550,5.656690321917104,97.23
低楼层(共17层),2001年,3室2厅,91.85平米,南,新海大厦,510,5.552531301034295,91.85
高楼层(共45层),2019年,3室1厅,101.55平米,南,恒大天璟大厦,698,6.873461349089119,101.55
高楼层(共35层),2008年,3室2厅,92.61平米,东南,桃源村三期,680,7.342619587517547,92.61
中楼层(共33层),2009年,3室2厅,62.05平米,东,四海公寓,550,8.8638195004029,62.05
低楼层(共32层),2000年,3室2厅,96.14平米,南东,汇景豪苑,570,5.928853754940711,96.14
低楼层(共34层),1996年,3室2厅,117.75平米,西,中旅广场,668,5.673036093418259,117.75
中楼层(共34层),2010年,3室2厅,69.96平米,东东南,深云村,630,9.005145797598628,69.96
低楼层(共32层),2008年,3室2厅,82.41平米,南,桃源村三期,538,6.528333940055819,82.41
高楼层(共25层),2004年,3室2厅,107.21平米,南北,东方新地,665,6.2027795914560215,107.21
中楼层(共34层),2016年,3室2厅,81.44平米,东南,深物业前海港湾花园,650,7.981335952848723,81.44
中楼层(共17层),2004年,3室2厅,89.45平米,东南,前海花园三期,650,7.266629401900503,89.45
中楼层(共11层),2009年,3室1厅,54.93平米,南,方鼎华庭,498,9.06608410704533,54.93
中楼层(共16层),2000年,3室2厅,78.05平米,西,创世纪滨海花园,628,8.046124279308136,78.05
高楼层(共54层),2019年,3室2厅,87.36平米,西南,京基御景峯,558,6.387362637362638,87.36
低楼层(共34层),2014年,3室1厅,88.29平米,南,栖游记,630,7.135575942915392,88.29
高楼层(共30层),2011年,3室2厅,82.29平米,东南,官龙名苑,480,5.833029529711994,82.29
低楼层(共9层),2000年,3室2厅,92.96平米,东北,星海名城一期一组团,678,7.2934595524956976,92.96
低楼层(共18层),2003年,3室2厅,80.06平米,南,如意家园,560,6.994753934549088,80.06
低楼层(共17层),2004年,3室2厅,81.09平米,西,前海花园三期,548,6.757923295104205,81.09
高楼层(共24层),1994年,3室2厅,87.44平米,东南,钜建大厦,490,5.60384263494968,87.44
高楼层(共32层),2008年,3室2厅,91.55平米,南,桃源村三期,640,6.990715456034954,91.55
中楼层(共33层),2014年,3室2厅,77.18平米,东南,佳兆业前海广场一期,650,8.42187095102358,77.18
高楼层(共29层),2003年,3室2厅,80平米,东南,现代城梦想家园,590,7.375,80.0
低楼层(共49层),2017年,3室1厅,74.44平米,西北,豪方天际花园,655,8.799032778076302,74.44
低楼层(共24层),1993年,3室2厅,110.18平米,东南西南,花果山大厦,628,5.699764022508622,110.18
低楼层(共28层),1993年,3室2厅,98.44平米,西南,海晖大厦,580,5.891913856156035,98.44
中楼层(共32层),2006年,3室1厅,80.24平米,东南,星海名城五期,652,8.125623130608176,80.24
高楼层(共34层),2016年,3室1厅,82.05平米,东南,深物业前海港湾花园,630,7.678244972577697,82.05
中楼层(共8层),1999年,3室2厅,89.66平米,南,荔庭园,650,7.249609636404194,89.66
低楼层(共52层),2023年,3室2厅,77.93平米,南,鸿荣源尚璟公馆,700,8.98242012062107,77.93
低楼层(共20层),1999年,3室2厅,93.22平米,东北,桃源村二期,520,5.5782021025531,93.22
高楼层(共12层),2004年,3室2厅,100.45平米,南,南山豪庭,700,6.968641114982578,100.45
低楼层(共17层),2016年,3室1厅,81.32平米,北南,深物业前海港湾花园,639,7.857845548450566,81.32
中楼层(共18层),2010年,3室2厅,87.57平米,南,德意名居二期,678,7.742377526550189,87.57
高楼层(共40层),2017年,3室2厅,98.67平米,西南,万科云城,520,5.270092226613966,98.67
低楼层(共11层),1999年,3室1厅,101.81平米,北,宝珠花园,630,6.187997249779,101.81
高楼层(共34层),1995年,3室1厅,80.67平米,南,深南花园,460,5.702243708937647,80.67
中楼层(共24层),1996年,3室2厅,87.44平米,南北,钜建大厦,610,6.976212259835316,87.44
高楼层(共34层),2004年,3室2厅,98.65平米,东南,云海天城,668,6.771414090217942,98.65
中楼层(共14层),2001年,3室2厅,75.77平米,南,朗景园,575,7.588755444107167,75.77
高楼层(共27层),2010年,3室2厅,74.66平米,东南,阳光花地苑,598,8.009643718189125,74.66
低楼层(共11层),2004年,3室2厅,101.55平米,南北,润城花园,690,6.794682422451994,101.55
高楼层(共49层),2017年,3室2厅,74.59平米,西北,豪方天际花园,629,8.43276578629843,74.59
中楼层(共11层),2007年,3室2厅,97.47平米,南北,珠光花半里,610,6.258335898225095,97.47
高楼层(共20层),1999年,3室1厅,93.22平米,东南南,桃源村二期,525,5.6318386612314955,93.22
中楼层(共26层),2018年,3室2厅,72平米,南,红花雅筑,639,8.875,72.0
低楼层(共49层),2017年,3室2厅,75.52平米,西北,豪方天际花园,620,8.209745762711865,75.52
中楼层(共32层),2008年,3室2厅,80.99平米,北,桃源村三期,530,6.544017779972837,80.99
高楼层(共28层),2007年,3室1厅,85.43平米,北,新德家园,680,7.959733114830855,85.43
中楼层(共14层),2004年,3室1厅,87.48平米,南,椰风海岸,680,7.773205304069501,87.48
中楼层(共31层),2004年,3室1厅,90.1平米,南,英达钰龙园,630,6.992230854605994,90.1
低楼层(共34层),2016年,3室2厅,81.44平米,东南,深物业前海港湾花园,650,7.981335952848723,81.44
高楼层(共32层),2006年,3室2厅,85.77平米,西北,星海名城五期,590,6.878862072985893,85.77
低楼层(共30层),1999年,3室2厅,102.46平米,南,康佳苑,660,6.441538161233653,102.46
中楼层(共8层),2005年,3室2厅,109.15平米,南北,龙福苑,680,6.229958772331654,109.15
中楼层(共34层),2004年,3室2厅,111.31平米,东南,云海天城,699,6.279759230976552,111.31
高楼层(共16层),2007年,3室1厅,84.87平米,北,众冠西郡园,606,7.140332272887946,84.87
高楼层(共33层),2020年,3室1厅,73.89平米,东北,瑧湾汇,630,8.526187576126675,73.89
高楼层(共19层),1999年,3室2厅,93平米,东,桃源村二期,475,5.10752688172043,93.0
低楼层(共49层),2017年,3室2厅,75.59平米,西北,豪方天际花园,646,8.546103982008201,75.59
高楼层(共32层),2016年,3室1厅,92.18平米,北,万科云城,520,5.641136906053373,92.18
低楼层(共49层),2017年,3室1厅,75.7平米,西北,豪方天际花园,630,8.3223249669749,75.7
中楼层(共29层),2019年,3室1厅,90.7平米,南,东关乐尚林居,700,7.717750826901874,90.7
低楼层(共33层),2008年,3室2厅,78.18平米,北,桃源村三期,520,6.65131747249936,78.18
中楼层(共33层),2008年,3室2厅,80.98平米,北,桃源村三期,530,6.544825882934058,80.98
中楼层(共43层),2021年,3室2厅,80.68平米,南,晗山悦海城,550,6.817055032226078,80.68
中楼层(共10层),2003年,3室2厅,111.57平米,南北,港湾花园,700,6.274088016491889,111.57
高楼层(共34层),2008年,3室2厅,83.2平米,东南,桃源村三期,558,6.706730769230769,83.2
中楼层(共26层),2018年,3室2厅,66.1平米,南,红花雅筑,568,8.59304084720121,66.1
低楼层(共12层),2002年,3室2厅,78.96平米,南,海洋星苑,648,8.206686930091186,78.96
低楼层(共31层),2019年,3室2厅,83平米,东北,东关乐尚林居,628,7.566265060240964,83.0
中楼层(共20层),1999年,3室1厅,91.58平米,西北,桃源村二期,540,5.896483948460363,91.58
中楼层(共31层),2004年,3室2厅,95.43平米,南,英达钰龙园,685,7.178036256942261,95.43
低楼层(共49层),2017年,3室1厅,75.7平米,西北,豪方天际花园,639,8.44121532364597,75.7
低楼层(共49层),2017年,3室2厅,74.53平米,西北,豪方天际花园,630,8.452971957600965,74.53
中楼层(共35层),2008年,3室2厅,70.7平米,东南,桃源村三期,520,7.355021216407355,70.7
高楼层(共27层),2010年,3室2厅,74.73平米,东南西北,阳光花地苑,660,8.831794460056202,74.73
高楼层(共46层),2018年,3室2厅,86.97平米,东东南,阳光粤海,530,6.094055421409681,86.97
高楼层(共44层),2017年,3室2厅,74.87平米,西南,豪方天际花园,650,8.681714972619206,74.87
高楼层(共8层),1996年,3室2厅,100.31平米,南,蛇口统建楼,549,5.473033595852856,100.31
低楼层(共33层),2008年,3室1厅,79.01平米,东北东北,桃源村三期,580,7.340842931274522,79.01
中楼层(共18层),2001年,3室2厅,115平米,西北,仓前锦福苑,542,4.71304347826087,115.0
高楼层(共20层),2003年,3室1厅,77.8平米,西南西,望海汇景苑,680,8.740359897172237,77.8
中楼层(共34层),2016年,3室1厅,89平米,东南,深物业前海港湾花园,690,7.752808988764045,89.0
高楼层(共49层),2017年,3室2厅,75.47平米,西北,豪方天际花园,620,8.215184841658937,75.47
低楼层(共33层),2009年,3室2厅,60.94平米,南,四海公寓,530,8.697079094191007,60.94
中楼层(共11层),2009年,3室2厅,82.89平米,南,方鼎华庭,638,7.696947762094342,82.89
高楼层(共52层),2023年,3室2厅,78.27平米,东南,鸿荣源尚璟公馆,650,8.304586687108726,78.27
低楼层(共17层),2007年,3室2厅,63.67平米,南,西湖林语,670,10.523009266530547,63.67
低楼层(共17层),2004年,3室2厅,91.88平米,东西,前海花园三期,568,6.181976491075316,91.88
中楼层(共9层),2000年,3室1厅,92.32平米,东北,星海名城一期三组团,680,7.365684575389949,92.32
中楼层(共8层),2001年,3室2厅,98.14平米,东南,碧茵苑,590,6.011819849195027,98.14
中楼层(共17层),2007年,3室2厅,78.78平米,南,西湖林语,700,8.885503935008886,78.78
低楼层(共29层),2020年,3室2厅,91.83平米,东南,招商前海·领尚公馆,590,6.4249156049221385,91.83
中楼层(共31层),2019年,3室1厅,82.61平米,东北,东关乐尚林居,625,7.565670015736593,82.61
中楼层(共26层),2018年,3室1厅,66.61平米,南,红花雅筑,680,10.208677375769405,66.61
低楼层(共34层),2014年,3室2厅,86.2平米,南,栖游记,643,7.459396751740139,86.2
低楼层(共54层),2019年,3室2厅,115.81平米,东北,京基御景峯,628,5.4226750712373715,115.81
高楼层(共34层),2016年,3室2厅,81.97平米,南,深物业前海港湾花园,630,7.685738684884714,81.97
高楼层(共40层),2017年,3室2厅,98.67平米,西南,万科云城,550,5.574136008918617,98.67
高楼层(共31层),2002年,3室2厅,110.81平米,北,南景苑,520,4.692717263784857,110.81
低楼层(共34层),2004年,3室1厅,98.57平米,东南,云海天城,700,7.101552196408644,98.57
低楼层(共48层),2017年,3室1厅,75平米,西北,豪方天际花园,645,8.6,75.0
高楼层(共18层),2005年,3室2厅,85.07平米,南,晶品居,680,7.99341718584695,85.07
高楼层(共32层),1998年,3室1厅,121.03平米,西北,京光海景花园,650,5.370569280343716,121.03
低楼层(共28层),2006年,3室1厅,87.3平米,东北,华府假日大厦,540,6.185567010309279,87.3
中楼层(共49层),2017年,3室2厅,74.38平米,西北,豪方天际花园,629,8.456574347942995,74.38
低楼层(共49层),2017年,3室1厅,74.44平米,西北,豪方天际花园,630,8.4631918323482,74.44
低楼层(共18层),2010年,3室1厅,88.42平米,南,德意名居一期,698,7.894141596923773,88.42
低楼层(共23层),2002年,3室2厅,144.26平米,东北,世界花园海华居,699,4.845417995286289,144.26
高楼层(共15层),2000年,3室1厅,75.57平米,南北,汇园雅居,510,6.748709805478365,75.57
低楼层(共32层),2016年,3室2厅,92.18平米,南,万科云城,530,5.749620308092862,92.18
中楼层(共8层),2000年,3室1厅,88.5平米,东南,后海名苑居南区,680,7.68361581920904,88.5
中楼层(共32层),2008年,3室2厅,81.08平米,南北,桃源村三期,598,7.375431672422299,81.08
中楼层(共17层),2011年,3室2厅,64.83平米,西南,万豪御景苑,600,9.254974548819991,64.83
高楼层(共24层),1996年,3室2厅,87.44平米,东南,钜建大厦,470,5.375114364135407,87.44
中楼层(共29层),2019年,3室1厅,79.36平米,南,东关乐尚林居,628,7.913306451612903,79.36
中楼层(共18层),2010年,3室1厅,89.32平米,南,德意名居一期,645,7.221227048813256,89.32
中楼层(共11层),2000年,3室1厅,113平米,北,宝珠花园,700,6.1946902654867255,113.0
高楼层(共31层),2004年,3室2厅,95.84平米,东南,英达钰龙园,659,6.876043405676127,95.84
中楼层(共32层),2008年,3室2厅,83.14平米,南,桃源村三期,548,6.591291796968968,83.14
中楼层(共20层),1999年,3室2厅,93.13平米,东南,桃源村二期,615,6.603672286051756,93.13
低楼层(共34层),2008年,3室1厅,92.12平米,东南,桃源村三期,660,7.164567954841511,92.12
高楼层(共33层),2008年,3室2厅,91.54平米,南,桃源村三期,650,7.1007209962857765,91.54
低楼层(共18层),2004年,3室1厅,107.73平米,南,星海名城三期,700,6.49772579597141,107.73
中楼层(共34层),2008年,3室2厅,89.08平米,南,桃源村三期,580,6.511001347103727,89.08
高楼层(共18层),2001年,3室2厅,79.38平米,东南,仓前锦福苑,436,5.492567397329302,79.38
低楼层(共10层),2005年,3室1厅,85平米,东北,郁金香家园,690,8.117647058823529,85.0
高楼层(共18层),2002年,3室2厅,95.63平米,南,星海名城二期七组团,699,7.309421729582767,95.63
中楼层(共12层),2001年,3室1厅,78.76平米,南,众冠花园,490,6.22143219908583,78.76
中楼层(共32层),2000年,3室2厅,97.21平米,东南,汇景豪苑,630,6.480814730994754,97.21
中楼层(共20层),1999年,3室1厅,93.13平米,南,桃源村二期,518,5.562117470202942,93.13
中楼层(共17层),2004年,3室2厅,88.45平米,东南,前海花园三期,570,6.44431882419446,88.45
低楼层(共25层),2013年,3室2厅,89.84平米,南西南,香格名苑,690,7.680320569902047,89.84
中楼层(共31层),2005年,3室2厅,106.76平米,东南,海尚国际,600,5.620082427875609,106.76
中楼层(共49层),2017年,3室2厅,75平米,西北,豪方天际花园,650,8.666666666666666,75.0
中楼层(共30层),1995年,3室2厅,94.33平米,东南,华彩花园,520,5.512562281352698,94.33
中楼层(共17层),2011年,3室2厅,64.91平米,东北,万豪御景苑,520,8.011092281620707,64.91
高楼层(共49层),2017年,3室2厅,75平米,西北,豪方天际花园,625,8.333333333333334,75.0
中楼层(共21层),2004年,3室2厅,95.91平米,东,福临苑,650,6.777186946095298,95.91
高楼层(共49层),2017年,3室2厅,74.44平米,西北,豪方天际花园,648,8.704997313272434,74.44
高楼层(共26层),2018年,3室1厅,66.61平米,北,红花雅筑,580,8.707401291097433,66.61
低楼层(共12层),2001年,3室1厅,81.56平米,南北,众冠花园,460,5.640019617459539,81.56
低楼层(共35层),2008年,3室2厅,89.14平米,西北,桃源村三期,550,6.170069553511331,89.14
中楼层(共17层),2009年,3室2厅,66.75平米,东南,中海阳光玫瑰园,660,9.887640449438202,66.75
高楼层(共35层),2008年,3室2厅,89.19平米,西北,桃源村三期,595,6.671151474380536,89.19
高楼层(共29层),2004年,3室1厅,92.69平米,南北,常兴广场,580,6.257417197108642,92.69
中楼层(共9层),2003年,3室1厅,79.16平米,南,水木华庭,585,7.390096008084892,79.16
中楼层(共30层),2011年,3室1厅,81.16平米,西,官龙名苑,470,5.791030064070971,81.16
中楼层(共33层),2008年,3室2厅,91.54平米,南北,桃源村三期,580,6.336027965916538,91.54
中楼层(共11层),2003年,3室2厅,89.44平米,南,汇金家园,680,7.602862254025045,89.44
高楼层(共31层),2002年,3室2厅,78.21平米,南,阳光海景豪苑,450,5.753739930955121,78.21
高楼层(共18层),2004年,3室2厅,99.62平米,东南,俊峰丽舍,698,7.006625175667536,99.62
低楼层(共31层),2004年,3室2厅,88.62平米,东南,英达钰龙园,680,7.673211464680659,88.62
低楼层(共24层),2012年,3室2厅,61.72平米,东南,汉京确悦,680,11.017498379779651,61.72
低楼层(共29层),2004年,3室2厅,104.77平米,南,常兴广场,567,5.411854538512933,104.77
高楼层(共27层),2010年,3室2厅,74.73平米,南,阳光花地苑,618,8.269771176234444,74.73
低楼层(共31层),2002年,3室1厅,98.29平米,南,南景苑,498,5.066639536066741,98.29
中楼层(共32层),2016年,3室2厅,92.18平米,北,万科云城,516,5.597743545237578,92.18
中楼层(共18层),2006年,3室2厅,70.62平米,东南,米兰第2季,598,8.467856131407533,70.62
低楼层(共32层),2006年,3室2厅,73.2平米,西,星海名城五期,586,8.005464480874316,73.2
中楼层(共7层),2004年,3室1厅,95.45平米,南北,港湾花园,618,6.474594028287061,95.45
低楼层(共31层),2005年,3室1厅,105.96平米,东南,海尚国际,650,6.134390335975841,105.96
中楼层(共26层),2015年,3室2厅,83平米,南,金地国际公寓,690,8.313253012048193,83.0
中楼层(共18层),2004年,3室2厅,99平米,东南,俊峰丽舍,698,7.05050505050505,99.0
低楼层(共20层),2000年,3室1厅,90.86平米,东南,桃源村二期,530,5.833149900946511,90.86
高楼层(共10层),2004年,3室1厅,91平米,北,前海花园,660,7.252747252747253,91.0
中楼层(共34层),2016年,3室1厅,81.67平米,东南,深物业前海港湾花园,650,7.958858822088894,81.67
中楼层(共18层),2010年,3室2厅,88.42平米,南,德意名居一期,660,7.464374575887808,88.42
低楼层(共40层),2017年,3室2厅,98.68平米,西南,万科云城,568,5.755978921767328,98.68
高楼层(共28层),1993年,3室2厅,75平米,南,海晖大厦,425,5.666666666666667,75.0
中楼层(共11层),2005年,3室2厅,97.07平米,南北,欧陆经典,690,7.108272380756156,97.07
中楼层(共20层),2003年,3室2厅,93.22平米,东北,桃源村二期,525,5.6318386612314955,93.22
中楼层(共20层),2000年,3室2厅,93.1平米,南,桃源村二期,550,5.907626208378089,93.1
低楼层(共18层),2004年,3室2厅,86.36平米,东南,俊峰丽舍,550,6.368689207966651,86.36
低楼层(共18层),2004年,3室2厅,73.92平米,北,绿海名都,680,9.1991341991342,73.92
低楼层(共14层),2002年,3室2厅,79.35平米,东南,星海名城二期八组团,688,8.67044738500315,79.35
高楼层(共16层),2001年,3室2厅,119.75平米,南,大陆庄园,680,5.6784968684759916,119.75
低楼层(共34层),2008年,3室1厅,78.16平米,北,桃源村三期,510,6.525076765609008,78.16
高楼层(共38层),2018年,3室2厅,77.73平米,西南,前海东岸,660,8.490930142802007,77.73
高楼层(共25层),2004年,3室2厅,110.15平米,东南,顺天大厦,630,5.719473445301861,110.15
高楼层(共22层),2005年,3室1厅,104.31平米,西,南国丽城,670,6.423161729460262,104.31
高楼层(共11层),2004年,3室2厅,112.95平米,东南,南山豪庭,650,5.754758742806551,112.95
中楼层(共56层),2019年,3室1厅,89.3平米,西北,京基御景峯,580,6.4949608062709965,89.3
高楼层(共35层),2008年,3室2厅,89平米,北,桃源村三期,580,6.51685393258427,89.0
低楼层(共12层),2008年,3室1厅,87.33平米,南,佳兆业香瑞园,685,7.843810832474522,87.33
中楼层(共20层),2003年,3室1厅,93.22平米,东南,桃源村二期,516,5.535292855610384,93.22
高楼层(共34层),2008年,3室2厅,89.28平米,东北,桃源村三期,588,6.586021505376344,89.28
低楼层(共56层),2019年,3室2厅,88.64平米,西北,京基御景峯,540,6.0920577617328515,88.64
低楼层(共18层),2005年,3室2厅,70平米,南,晶品居,610,8.714285714285714,70.0
高楼层(共8层),2000年,3室2厅,90.58平米,东南,后海名苑居南区,580,6.403179509825569,90.58
低楼层(共48层),2017年,3室2厅,74.61平米,西北,豪方天际花园,650,8.711968904972524,74.61
低楼层(共10层),2005年,3室1厅,84.62平米,北,郁金香家园,680,8.035925313164736,84.62
中楼层(共20层),2003年,3室1厅,92.88平米,东北,桃源村二期,520,5.598621877691645,92.88
中楼层(共20层),2001年,3室2厅,119.96平米,东南,东滨华苑,670,5.585195065021674,119.96
低楼层(共34层),2016年,3室2厅,81.45平米,东南,深物业前海港湾花园,650,7.980356046654389,81.45
低楼层(共26层),2013年,3室2厅,87.8平米,南,香格名苑,680,7.744874715261959,87.8
高楼层(共28层),2008年,3室2厅,89.36平米,东南,前海金岸,680,7.609668755595345,89.36
低楼层(共26层),2015年,3室1厅,87.91平米,南,金地国际公寓,630,7.166420202479809,87.91
高楼层(共31层),2012年,3室2厅,87平米,北,泰福苑,700,8.045977011494253,87.0
高楼层(共7层),2005年,3室2厅,104.07平米,南,龙福苑,700,6.72624195253195,104.07
低楼层(共9层),2003年,3室1厅,91.63平米,北,水木华庭,668,7.290188802793845,91.63
高楼层(共31层),2010年,3室2厅,69.09平米,西南,中海阳光玫瑰园,620,8.973802286872195,69.09
高楼层(共34层),2014年,3室1厅,88.29平米,东南南,栖游记,656,7.430060029448408,88.29
低楼层(共34层),2008年,3室2厅,89.23平米,东南,桃源村三期,658,7.374201501737083,89.23
低楼层(共27层),2010年,3室1厅,74.66平米,东南西北,阳光花地苑,578,7.741762657380123,74.66
中楼层(共11层),2005年,3室2厅,99.33平米,南,郁金香家园,695,6.996879089902346,99.33
低楼层(共20层),1999年,3室2厅,92.39平米,北,桃源村二期,490,5.303604286178158,92.39
中楼层(共18层),2001年,3室2厅,79.38平米,南,仓前锦福苑,498,6.273620559334845,79.38
中楼层(共20层),1999年,3室2厅,93.22平米,北,桃源村二期,510,5.47092898519631,93.22
低楼层(共46层),2018年,3室2厅,78.45平米,东,阳光粤海,508,6.475462077756532,78.45
中楼层(共20层),2001年,3室2厅,99.49平米,东南,东滨华苑,575,5.779475324153181,99.49
中楼层(共34层),2016年,3室2厅,87.45平米,南北,深物业前海港湾花园,700,8.00457404230989,87.45
中楼层(共12层),2004年,3室2厅,100.45平米,南,南山豪庭,690,6.869089099054255,100.45
低楼层(共32层),2004年,3室2厅,108平米,东南,英达钰龙园,655,6.064814814814815,108.0
高楼层(共20层),1999年,3室2厅,93.22平米,西南,桃源村二期,560,6.007294571980262,93.22
低楼层(共31层),2019年,3室2厅,80.97平米,南北,东关乐尚林居,655,8.089415833024576,80.97
低楼层(共34层),1997年,3室2厅,117.89平米,西南,中旅广场,690,5.8529137331410634,117.89
中楼层(共20层),2003年,3室1厅,93.22平米,西北,桃源村二期,480,5.1491096331259385,93.22
低楼层(共18层),2001年,3室1厅,80.17平米,西南,仓前锦福苑,468,5.837595110390421,80.17
低楼层(共22层),2005年,3室2厅,103.5平米,西北,南国丽城,688,6.647342995169082,103.5
中楼层(共17层),2004年,3室1厅,81.06平米,南,前海花园三期,636,7.846039970392302,81.06
低楼层(共56层),2019年,3室2厅,89.8平米,东南,京基御景峯,666,7.416481069042317,89.8
中楼层(共20层),2004年,3室2厅,106.69平米,东北,金桃园大厦,620,5.811228793701378,106.69
高楼层(共11层),2006年,3室1厅,86.52平米,北,天地峰景,699,8.079056865464633,86.52
中楼层(共34层),2016年,3室2厅,81.44平米,东南,深物业前海港湾花园,630,7.735756385068762,81.44
低楼层(共46层),2018年,3室1厅,78.45平米,北,阳光粤海,408,5.2007648183556405,78.45
低楼层(共17层),2009年,3室2厅,65.42平米,南,半山翠林花园,660,10.088657902782023,65.42
低楼层(共31层),2019年,3室2厅,80.56平米,东南,东关乐尚林居,603,7.485104270109235,80.56
高楼层(共33层),1996年,3室1厅,98.44平米,东南,海晖大厦,580,5.891913856156035,98.44
低楼层(共31层),2019年,3室2厅,80.97平米,南北,东关乐尚林居,635,7.842410769420773,80.97
中楼层(共29层),2003年,3室2厅,82.91平米,东南,现代城梦想家园,618,7.453865637438186,82.91
中楼层(共28层),2007年,3室2厅,77.41平米,东北,新德家园,630,8.13848340007751,77.41
中楼层(共20层),1999年,3室2厅,92.88平米,西南,桃源村二期,560,6.029285099052541,92.88
中楼层(共34层),2008年,3室2厅,81.05平米,东北,桃源村三期,578,7.131400370141888,81.05
中楼层(共31层),2010年,3室1厅,69.06平米,东,中海阳光玫瑰园,618,8.94874022589053,69.06
低楼层(共17层),2007年,3室1厅,79.82平米,南,西湖林语,638,7.992984214482586,79.82
中楼层(共28层),2006年,3室0厅,105.44平米,东南,华府假日大厦,680,6.449165402124431,105.44
中楼层(共17层),2003年,3室2厅,89平米,南,龙都名园,608,6.831460674157303,89.0
中楼层(共20层),1999年,3室1厅,91.58平米,南,桃源村二期,500,5.459707359685521,91.58
中楼层(共49层),2017年,3室2厅,74.59平米,西北,豪方天际花园,640,8.580238637887115,74.59
高楼层(共18层),2006年,3室1厅,70.51平米,东南,米兰第2季,528,7.488299531981279,70.51
高楼层(共20层),2001年,3室2厅,99.8平米,东北,东滨华苑,580,5.811623246492986,99.8
低楼层(共31层),2005年,3室2厅,103.78平米,南,海尚国际,680,6.55232222008094,103.78
高楼层(共31层),2002年,3室1厅,129.23平米,西南,南景苑,550,4.255977714153061,129.23
低楼层(共12层),2008年,3室1厅,88.72平米,北,佳兆业香瑞园,690,7.7772768259693414,88.72
高楼层(共18层),2002年,3室1厅,103.19平米,北,鸿洲新都,650,6.299059986432794,103.19
高楼层(共34层),2016年,3室2厅,88.19平米,东南南,深物业前海港湾花园,700,7.937407869372945,88.19
低楼层(共18层),2001年,3室2厅,88.19平米,北,仓前锦福苑,540,6.123143213516272,88.19
中楼层(共30层),1999年,3室2厅,102.46平米,西北,康佳苑,628,6.129221159476869,102.46
中楼层(共11层),1999年,3室2厅,92.21平米,北,前海花园,620,6.723782669992409,92.21
中楼层(共32层),2008年,3室2厅,91.55平米,东南,桃源村三期,620,6.772255598033862,91.55
高楼层(共10层),2009年,3室1厅,77.85平米,东北,鼎太风华七期,630,8.092485549132949,77.85
中楼层(共32层),1992年,3室2厅,113.19平米,南,海景花园,700,6.184291898577613,113.19
低楼层(共35层),2008年,3室2厅,89.13平米,西北,桃源村三期,580,6.50734881633569,89.13
中楼层(共33层),2008年,3室1厅,83.12平米,南,桃源村三期,570,6.857555341674686,83.12
高楼层(共18层),2010年,3室2厅,86.85平米,南,德意名居一期,690,7.944732297063903,86.85
中楼层(共32层),1995年,3室2厅,126.06平米,西南,京光海景花园,700,5.552911312073616,126.06
低楼层(共18层),2010年,3室1厅,89.39平米,南,德意名居一期,560,6.264682850430697,89.39
高楼层(共31层),2002年,3室2厅,98.29平米,南,南景苑,550,5.595686234611862,98.29
低楼层(共28层),1993年,3室2厅,98.44平米,西西北,海晖大厦,440,4.469727752945957,98.44
中楼层(共11层),2004年,3室2厅,84.38平米,东南,阳光棕榈园三期,580,6.873666745674331,84.38
高楼层(共28层),1993年,3室2厅,98.44平米,东南,海晖大厦,460,4.672897196261682,98.44
高楼层(共24层),1996年,3室2厅,88平米,西北,钜建大厦,460,5.2272727272727275,88.0
高楼层(共20层),2003年,3室2厅,93.22平米,南北,桃源村二期,530,5.685475219909891,93.22
高楼层(共18层),2004年,3室2厅,87.01平米,南,俊峰丽舍,680,7.81519365590162,87.01
低楼层(共19层),1999年,3室1厅,91.58平米,东南,桃源村二期,470,5.13212491810439,91.58
高楼层(共24层),1995年,3室1厅,73平米,东北,钜建大厦,420,5.7534246575342465,73.0
高楼层(共28层),2006年,3室1厅,87.1平米,东南,信和自由广场,630,7.233065442020666,87.1
高楼层(共20层),1999年,3室1厅,93.13平米,西北,桃源村二期,588,6.313754966176313,93.13
高楼层(共18层),2002年,3室1厅,103.19平米,东南,鸿洲新都,598,5.795135187518171,103.19
高楼层(共20层),2000年,3室1厅,93.1平米,东南,桃源村二期,600,6.44468313641246,93.1
高楼层(共12层),2009年,3室2厅,100.56平米,南北,康达苑小区,650,6.463802704852824,100.56
中楼层(共26层),2018年,3室2厅,71.78平米,东南,红花雅筑,674,9.389802173307327,71.78
中楼层(共34层),2016年,3室2厅,76.35平米,南,深物业前海港湾花园,650,8.513425016371972,76.35
高楼层(共25层),2006年,3室1厅,92.84平米,西北,信和自由广场,700,7.539853511417492,92.84
中楼层(共32层),2008年,3室2厅,83.22平米,南,桃源村三期,628,7.546262917567892,83.22
高楼层(共18层),2004年,3室2厅,99.96平米,东南,俊峰丽舍,690,6.902761104441777,99.96
高楼层(共18层),2002年,3室2厅,95.65平米,北,星海名城二期八组团,650,6.795608991113434,95.65
低楼层(共48层),2016年,3室2厅,74.61平米,西北,豪方天际花园,620,8.30987803243533,74.61
高楼层(共9层),2002年,3室2厅,85.13平米,东南,山水情家园,680,7.987783390109245,85.13
高楼层(共18层),2005年,3室1厅,67.08平米,东北,晶品居,458,6.827668455575433,67.08
低楼层(共18层),2003年,3室1厅,84.9平米,东南,前海明珠,520,6.124852767962309,84.9
中楼层(共44层),2017年,3室1厅,74.62平米,东南西南,豪方天际花园,636,8.52318413294023,74.62
中楼层(共18层),2014年,3室1厅,102.55平米,南,深圳市软件产业基地,580,5.655777669429547,102.55
低楼层(共26层),2018年,3室2厅,62.18平米,东,前海枫叶大厦,410,6.5937600514634935,62.18
低楼层(共24层),1994年,3室2厅,87.44平米,西北,钜建大厦,415,4.746111619396157,87.44
中楼层(共27层),2010年,3室1厅,74.66平米,南,阳光花地苑,660,8.840075006697028,74.66
中楼层(共18层),2008年,3室2厅,83.01平米,东北,龙祥苑,610,7.348512227442477,83.01
中楼层(共18层),2008年,3室2厅,86.79平米,南,龙祥苑,610,7.0284594999423895,86.79
高楼层(共54层),2019年,3室1厅,87.36平米,西南,京基御景峯,580,6.63919413919414,87.36
中楼层(共9层),2003年,3室1厅,87.08平米,北,水木华庭,630,7.234726688102894,87.08
低楼层(共17层),2004年,3室2厅,88.45平米,西北,前海花园三期,528,5.969474279253816,88.45
中楼层(共7层),1992年,3室1厅,79平米,南,怡海花园,550,6.962025316455696,79.0
高楼层(共34层),2008年,3室2厅,89.17平米,东南,桃源村三期,665,7.4576651340136815,89.17
中楼层(共28层),1993年,3室2厅,95.87平米,西北,海晖大厦,460,4.798164180661312,95.87
高楼层(共40层),2017年,3室2厅,98.68平米,南,万科云城,550,5.573571139035265,98.68
低楼层(共17层),2003年,3室2厅,100.8平米,东南,旺海怡苑,599,5.942460317460317,100.8
高楼层(共34层),2014年,3室2厅,88.31平米,东南,栖游记,650,7.360434831842373,88.31
低楼层(共34层),2008年,3室2厅,92.11平米,西北,桃源村三期,690,7.491043317772229,92.11
高楼层(共32层),2006年,3室1厅,85.71平米,南,星海名城五期,675,7.875393769688485,85.71
高楼层(共15层),2000年,3室1厅,84.75平米,东,创世纪滨海花园,649,7.657817109144543,84.75
高楼层(共32层),1995年,3室2厅,126平米,南西,京光海景花园,680,5.396825396825397,126.0
中楼层(共18层),2008年,3室2厅,86.88平米,南,龙祥苑,598,6.8830570902394115,86.88
中楼层(共17层),2004年,3室2厅,85.4平米,南,前海花园三期,650,7.611241217798594,85.4
低楼层(共18层),2004年,3室1厅,73.92平米,东南,绿海名都,630,8.522727272727273,73.92
中楼层(共6层),1988年,3室2厅,78平米,南,荔兴苑,499,6.397435897435898,78.0
高楼层(共15层),2000年,3室2厅,78.31平米,西,创世纪滨海花园,578,7.380921976759034,78.31
中楼层(共18层),1999年,3室2厅,105.35平米,南,美加广场,700,6.644518272425249,105.35
高楼层(共31层),2010年,3室1厅,69.16平米,东北,中海阳光玫瑰园,650,9.398496240601505,69.16
高楼层(共32层),2006年,3室1厅,51.03平米,东南,星海名城五期,540,10.582010582010582,51.03
高楼层(共31层),2004年,3室1厅,89.74平米,东南,英达钰龙园,680,7.577445954981057,89.74
中楼层(共25层),2004年,3室1厅,77.88平米,东南,国际市长交流中心,630,8.089368258859785,77.88
中楼层(共15层),1999年,3室2厅,100.43平米,东北,太子山庄,690,6.870457034750572,100.43
高楼层(共28层),1993年,3室1厅,95.87平米,西北,海晖大厦,510,5.319703765515802,95.87
中楼层(共31层),2005年,3室2厅,105.01平米,南,海尚国际,620,5.904199600038091,105.01
高楼层(共31层),2004年,3室1厅,42.28平米,南北,新一代国际公寓,438,10.359508041627247,42.28
高楼层(共15层),2004年,3室2厅,99.14平米,东,中爱花园,668,6.737946338511196,99.14
高楼层(共32层),2004年,3室1厅,67.26平米,东南,英达钰龙园,550,8.177222717811476,67.26
低楼层(共17层),2004年,3室2厅,85.29平米,东,前海花园三期,690,8.090045726345409,85.29
中楼层(共20层),1990年,3室1厅,150平米,南,海滨花园,680,4.533333333333333,150.0
高楼层(共33层),1996年,3室2厅,98平米,东南,海晖大厦,580,5.918367346938775,98.0
低楼层(共34层),2016年,3室2厅,86.5平米,东南,深物业前海港湾花园,698,8.06936416184971,86.5
低楼层(共33层),2020年,3室2厅,73.94平米,东,瑧湾汇,650,8.79091154990533,73.94
中楼层(共31层),2005年,3室1厅,106.76平米,南北,海尚国际,580,5.432746346946422,106.76
低楼层(共9层),2001年,3室2厅,104.81平米,东北,星海名城一期四组团,680,6.4879305409789145,104.81
中楼层(共17层),2003年,3室2厅,90.46平米,北,龙都名园,685,7.572407694008402,90.46
中楼层(共12层),2004年,3室2厅,98.32平米,南,康达苑小区,680,6.91619202603743,98.32
低楼层(共15层),2011年,3室2厅,77.73平米,东,鼎胜山邻居,598,7.693297311205455,77.73
高楼层(共6层),1989年,3室1厅,93.44平米,南,红花园,480,5.136986301369864,93.44
低楼层(共28层),2006年,3室2厅,88.83平米,西南,华府假日大厦,520,5.853878194303726,88.83
低楼层(共9层),2003年,3室2厅,88.32平米,北,水木华庭,610,6.9067028985507255,88.32
高楼层(共33层),2008年,3室1厅,89.29平米,东南南,桃源村三期,700,7.839623698062493,89.29
中楼层(共31层),2004年,3室1厅,42.33平米,南,新一代国际公寓,580,13.70186628868415,42.33
低楼层(共31层),2005年,3室1厅,106.56平米,西南,海尚国际,600,5.63063063063063,106.56
低楼层(共32层),2000年,3室2厅,113.5平米,南北,汇景豪苑,699,6.158590308370044,113.5
高楼层(共54层),2019年,3室2厅,87.36平米,东南,京基御景峯,630,7.211538461538462,87.36
高楼层(共24层),1993年,3室2厅,87.44平米,南,钜建大厦,460,5.260750228728271,87.44
高楼层(共33层),2020年,3室2厅,73.89平米,东北,瑧湾汇,680,9.202869129787523,73.89
中楼层(共24层),1993年,3室1厅,109.26平米,东,花果山大厦,698,6.38843126487278,109.26
中楼层(共56层),2019年,3室2厅,89.16平米,西北,京基御景峯,700,7.8510542844324815,89.16
中楼层(共24层),1994年,3室2厅,87.44平米,东南,钜建大厦,620,7.0905763952424525,87.44
中楼层(共11层),2007年,3室2厅,97.66平米,北,珠光花半里,688,7.044849477780054,97.66
中楼层(共40层),2017年,3室2厅,98.68平米,西南,万科云城,580,5.877584110255371,98.68
中楼层(共26层),2018年,3室1厅,55.22平米,北,前海枫叶大厦,448,8.113002535313292,55.22
中楼层(共28层),1993年,3室1厅,98.44平米,西北,海晖大厦,650,6.603006907761073,98.44
低楼层(共21层),2017年,4室2厅,86.98平米,南,佳兆业前海广场二期,400,4.5987583352494825,86.98
中楼层(共33层),2004年,4室2厅,105.25平米,南,现代城华庭,698,6.631828978622328,105.25
高楼层(共31层),2013年,4室1厅,65.45平米,东,阳光里,600,9.167303284950343,65.45
中楼层(共31层),2011年,4室2厅,95.56平米,西南,向南瑞峰花园,680,7.115948095437421,95.56
低楼层(共31层),2011年,4室2厅,88.05平米,东,向南瑞峰花园,620,7.04145371947757,88.05
高楼层(共11层),2002年,4室2厅,73.8平米,南,荔雅居,610,8.265582655826558,73.8
低楼层(共18层),2008年,4室1厅,71.96平米,东南,南荔苑,650,9.032795997776544,71.96
高楼层(共28层),1996年,4室2厅,99.25平米,西北,康乐大厦,500,5.037783375314861,99.25
中楼层(共32层),2009年,4室1厅,87.88平米,东北,南光城市花园,620,7.055075102412381,87.88
低楼层(共31层),1998年,4室2厅,131.74平米,南,鹏都大厦,700,5.313496280552603,131.74
低楼层(共32层),2000年,4室2厅,116.59平米,东北,怡园大厦,550,4.717385710609829,116.59
中楼层(共32层),1994年,4室2厅,130.32平米,南,海王大厦,430,3.299570288520565,130.32
中楼层(共23层),1995年,4室2厅,97.06平米,南,荔园大厦,550,5.666597980630538,97.06
低楼层(共12层),1999年,4室2厅,106.59平米,南北,学府花园,690,6.47340275823248,106.59
低楼层(共21层),1997年,4室2厅,131.6平米,南,山东大厦,555,4.217325227963526,131.6
高楼层(共33层),1995年,4室1厅,120.38平米,西北,荟芳园,600,4.984216647283602,120.38
低楼层(共32层),2000年,4室2厅,116.59平米,西北,怡园大厦,550,4.717385710609829,116.59
高楼层(共28层),1996年,4室1厅,99.4平米,西北,康乐大厦,500,5.030181086519114,99.4
中楼层(共32层),2003年,4室1厅,88.87平米,南北,金晖大厦,690,7.764149881849892,88.87
高楼层(共9层),1997年,4室2厅,123.23平米,南,南海城中心,680,5.518136817333441,123.23
低楼层(共31层),2011年,4室2厅,94.9平米,东西,向南瑞峰花园,580,6.111696522655427,94.9
中楼层(共31层),1998年,4室2厅,135.84平米,东,鹏都大厦,630,4.637809187279152,135.84
低楼层(共29层),2003年,4室1厅,112.36平米,西南,深航飞行员公寓,620,5.517977928088287,112.36
中楼层(共13层),1999年,4室1厅,102.2平米,南,学府花园,680,6.653620352250489,102.2
高楼层(共28层),1996年,4室2厅,99.41平米,南,康乐大厦,630,6.337390604566945,99.41
高楼层(共32层),2009年,4室2厅,86.18平米,东南,南光城市花园,536,6.2195404966349495,86.18
低楼层(共16层),2002年,4室1厅,95.36平米,南,星海名城二期八组团,660,6.921140939597316,95.36
高楼层(共34层),2004年,4室1厅,98.65平米,南,云海天城,668,6.771414090217942,98.65
高楼层(共21层),2017年,4室2厅,82.42平米,南北,佳兆业前海广场二期,650,7.886435331230284,82.42
中楼层(共38层),2020年,4室2厅,96平米,南,绿景美景广场,680,7.083333333333333,96.0
中楼层(共34层),2016年,4室1厅,83.54平米,东南,深物业前海港湾花园,635,7.601149150107732,83.54
中楼层(共32层),2000年,4室1厅,96.14平米,南,汇景豪苑,650,6.760973580195548,96.14
高楼层(共22层),2016年,4室2厅,88.3平米,东南,前海丹华,690,7.81426953567384,88.3
低楼层(共34层),2004年,4室1厅,98.65平米,东南,云海天城,658,6.670045615813482,98.65
中楼层(共38层),2020年,4室0厅,96.3平米,东南,绿景美景广场,650,6.749740394600208,96.3
高楼层(共34层),1995年,4室2厅,99.5平米,南,深南花园,560,5.628140703517588,99.5
低楼层(共16层),2002年,4室1厅,124.64平米,南,国兴苑,700,5.616174582798459,124.64
中楼层(共18层),2005年,4室2厅,74.58平米,南,晶品居,700,9.385894341646555,74.58
低楼层(共44层),2017年,4室1厅,75.58平米,西北,豪方天际花园,650,8.600158772161947,75.58
低楼层(共16层),2001年,4室1厅,116.14平米,西南西,中山颐景花园一期,690,5.941105562252454,116.14
低楼层(共33层),2009年,4室1厅,61.83平米,东南,四海公寓,530,8.571890667960536,61.83
中楼层(共25层),2002年,4室2厅,125.95平米,东北,后海花园,630,5.00198491464867,125.95
低楼层(共28层),2006年,4室2厅,104.32平米,南,华府假日大厦,700,6.7101226993865035,104.32
低楼层(共9层),2000年,4室2厅,104.4平米,南,星海名城一期六组团,664,6.36015325670498,104.4
中楼层(共17层),2009年,4室1厅,87.42平米,南北,半山翠林花园,650,7.435369480668039,87.42
中楼层(共11层),2000年,4室2厅,113.15平米,南北,宝珠花园,698,6.16880247459125,113.15
低楼层(共11层),1999年,4室2厅,113.15平米,北,宝珠花园,700,6.18647812638091,113.15
中楼层(共19层),2008年,4室2厅,77.23平米,北,云栖西岸,688,8.90845526349864,77.23
高楼层(共30层),1995年,5室2厅,154.77平米,南,华彩花园,700,4.522840343735866,154.77
中楼层(共33层),2004年,3室2厅,105.33平米,南,现代城华庭,600,5.696382796923953,105.33
中楼层(共33层),2004年,3室2厅,105.33平米,东南,现代城华庭,650,6.171081363334283,105.33
中楼层(共32层),2002年,3室2厅,107.55平米,东南,万象新园,700,6.508600650860065,107.55
中楼层(共21层),1999年,3室2厅,104.38平米,东,海典居,580,5.55662004215367,104.38
低楼层(共16层),1997年,3室1厅,84.19平米,东南,世纪广场,460,5.463831809003445,84.19
低楼层(共15层),2002年,3室2厅,96平米,南,福满园,650,6.770833333333333,96.0
高楼层(共31层),2013年,3室1厅,56.05平米,南,阳光里,560,9.991079393398751,56.05
中楼层(共33层),1996年,3室2厅,111.3平米,东南,怡海广场,480,4.3126684636118595,111.3
中楼层(共26层),2002年,3室1厅,91.24平米,东,东方海雅居,660,7.233669443226655,91.24
中楼层(共23层),1995年,3室2厅,84.36平米,南,荔园大厦,510,6.0455192034139404,84.36
高楼层(共26层),2002年,3室2厅,104.95平米,南,东方海雅居,630,6.002858504049548,104.95
低楼层(共28层),1996年,3室1厅,86.26平米,西南,康乐大厦,470,5.4486436355205194,86.26
中楼层(共33层),1995年,3室2厅,120.38平米,南,荟芳园,598,4.967602591792657,120.38
中楼层(共31层),1993年,3室2厅,86.02平米,东南,愉康大厦,490,5.6963496861195075,86.02
中楼层(共13层),1999年,3室2厅,101.82平米,南北,学府花园,660,6.48202710665881,101.82
中楼层(共24层),1997年,3室2厅,115平米,东南,山东大厦,500,4.3478260869565215,115.0
低楼层(共32层),2002年,3室2厅,114.09平米,东南,汇宾广场,660,5.7849066526426505,114.09
中楼层(共33层),1997年,3室2厅,116.19平米,东南,荟芳园,580,4.9918237369825285,116.19
低楼层(共15层),2002年,3室1厅,74.69平米,东,福满园,450,6.024902932119427,74.69
高楼层(共33层),1995年,3室2厅,120.38平米,西北,荟芳园,568,4.718391759428477,120.38
高楼层(共28层),1996年,3室2厅,86.66平米,西北,康乐大厦,445,5.135010385414263,86.66
中楼层(共26层),2002年,3室2厅,95.21平米,南,东方海雅居,670,7.037075937401534,95.21
中楼层(共33层),2003年,3室2厅,99.92平米,南北,中海深圳湾畔花园,695,6.955564451561249,99.92
低楼层(共32层),2003年,3室2厅,103.03平米,西南,中海深圳湾畔花园,700,6.794137629816558,103.03
中楼层(共26层),2002年,3室2厅,89平米,西南,侨城豪苑,600,6.741573033707865,89.0
中楼层(共28层),2004年,3室2厅,98.76平米,东南,星海名城三期,700,7.087889833940866,98.76
低楼层(共20层),2000年,3室1厅,90.86平米,东东北,桃源村二期,498,5.4809597182478536,90.86
低楼层(共11层),2003年,3室2厅,82.62平米,南,汇金家园,690,8.351488743645605,82.62
中楼层(共20层),1999年,3室2厅,93.22平米,北,桃源村二期,528,5.664020596438532,93.22
高楼层(共18层),2001年,3室2厅,115.14平米,东北,仓前锦福苑,600,5.211047420531527,115.14
中楼层(共11层),1999年,3室2厅,92.8平米,南,前海花园,620,6.681034482758621,92.8
低楼层(共17层),2004年,3室2厅,90.04平米,南,前海花园三期,620,6.885828520657485,90.04
高楼层(共17层),2003年,3室1厅,69平米,南西南,龙都名园,490,7.101449275362318,69.0
中楼层(共24层),1993年,3室1厅,110.18平米,西,花果山大厦,698,6.335088037756398,110.18
高楼层(共27层),2010年,3室2厅,74.66平米,南,阳光花地苑,690,9.241896597910529,74.66
低楼层(共30层),2016年,3室1厅,81平米,东南,深物业前海港湾花园,699,8.62962962962963,81.0
低楼层(共15层),2004年,3室2厅,91.63平米,南,南国丽城,580,6.329804649132381,91.63
低楼层(共45层),2019年,3室2厅,97.3平米,西北,恒大天璟大厦,550,5.65262076053443,97.3
中楼层(共11层),2004年,3室2厅,105.98平米,西北,南国丽城,680,6.416304963200604,105.98
中楼层(共8层),1992年,3室2厅,93平米,南,港湾生活小区,530,5.698924731182796,93.0
中楼层(共20层),1999年,3室2厅,93平米,东北,桃源村二期,493,5.301075268817204,93.0
中楼层(共21层),2007年,3室2厅,84.19平米,南,桑泰丹华园二期,660,7.839410856396247,84.19
中楼层(共30层),1995年,3室1厅,94.33平米,东南,华彩花园,500,5.3005406551468255,94.33
中楼层(共33层),2008年,3室1厅,83平米,南,桃源村三期,550,6.626506024096385,83.0
高楼层(共24层),1995年,3室1厅,87.44平米,东南,钜建大厦,430,4.917657822506862,87.44
低楼层(共9层),2000年,3室2厅,105.17平米,北,星海名城一期三组团,686,6.5227726537986115,105.17
低楼层(共19层),2015年,3室1厅,71.41平米,东南西,山海津,480,6.721747654390142,71.41
低楼层(共29层),2004年,3室2厅,103.25平米,南,常兴广场,660,6.39225181598063,103.25
中楼层(共30层),1999年,3室1厅,82.7平米,北,康佳苑,550,6.6505441354292625,82.7
中楼层(共24层),2012年,3室2厅,87.54平米,东南,泰福苑,695,7.9392277815855605,87.54
高楼层(共18层),2004年,3室2厅,93.93平米,东南,俊峰丽舍,660,7.026509102523155,93.93
低楼层(共34层),2016年,3室1厅,76.35平米,南,深物业前海港湾花园,618,8.094302554027506,76.35
低楼层(共29层),2004年,3室1厅,91.97平米,北,常兴广场,550,5.980210938349462,91.97
高楼层(共32层),2000年,3室2厅,113.5平米,南北,汇景豪苑,700,6.167400881057269,113.5
低楼层(共7层),2005年,3室2厅,104平米,南北,龙福苑,660,6.346153846153846,104.0
高楼层(共32层),2004年,3室1厅,65.08平米,东南,英达钰龙园,478,7.34480639213276,65.08
中楼层(共33层),2020年,3室2厅,73.94平米,西南,瑧湾汇,650,8.79091154990533,73.94
高楼层(共30层),1995年,3室2厅,94.33平米,西北,华彩花园,510,5.406551468249762,94.33
低楼层(共20层),1999年,3室2厅,91.58平米,西南,桃源村二期,520,5.6780956540729415,91.58
低楼层(共8层),2003年,3室2厅,90.88平米,东南,后海名苑居南区,630,6.932218309859155,90.88
低楼层(共35层),2008年,3室1厅,92.63平米,南,桃源村三期,650,7.0171650653136135,92.63
高楼层(共29层),2004年,3室2厅,104.95平米,南,常兴广场,568,5.412101000476417,104.95
中楼层(共18层),2005年,3室2厅,87.01平米,东南,天朗风清,660,7.585335018963337,87.01
低楼层(共11层),2007年,3室2厅,97.49平米,南,珠光花半里,650,6.667350497486922,97.49
中楼层(共18层),2002年,3室2厅,101.85平米,北南,宝珠花园,700,6.872852233676976,101.85
低楼层(共32层),1993年,3室1厅,113.19平米,南,海景花园,690,6.0959448714550755,113.19
中楼层(共40层),2017年,3室2厅,98.67平米,东南,万科云城,560,5.675483936353501,98.67
高楼层(共56层),2019年,3室1厅,90.15平米,西北,京基御景峯,630,6.988352745424292,90.15
高楼层(共31层),2005年,3室1厅,95.08平米,西南,海尚国际,650,6.836348338241481,95.08
高楼层(共28层),1993年,3室2厅,98平米,东南,海晖大厦,450,4.591836734693878,98.0
低楼层(共49层),2017年,3室1厅,75平米,西北,豪方天际花园,680,9.066666666666666,75.0
中楼层(共29层),2008年,3室1厅,66平米,东,诺德假日花园,598,9.06060606060606,66.0
高楼层(共56层),2019年,3室2厅,107.42平米,东南,京基御景峯,700,6.516477378514243,107.42
中楼层(共9层),2000年,3室2厅,90.58平米,北,星海名城一期二组团,700,7.727975270479135,90.58
高楼层(共17层),2004年,3室2厅,89.57平米,北,前海花园三期,600,6.698671430166351,89.57
高楼层(共33层),1996年,3室2厅,98.89平米,东南,海晖大厦,450,4.550510668419456,98.89
高楼层(共12层),2004年,3室2厅,100.45平米,南,南山豪庭,610,6.072672971627675,100.45
低楼层(共56层),2019年,3室2厅,107.14平米,东南,京基御景峯,680,6.346835915624417,107.14
低楼层(共27层),2016年,3室1厅,58.6平米,南,前海凯御,430,7.337883959044368,58.6
低楼层(共28层),1993年,3室1厅,95.87平米,西,海晖大厦,470,4.90247209763221,95.87
高楼层(共21层),2004年,3室2厅,95.91平米,东南,福临苑,598,6.235011990407674,95.91
中楼层(共38层),2020年,3室2厅,96.37平米,南,绿景美景广场,700,7.263671266991802,96.37
高楼层(共7层),1989年,3室2厅,90.1平米,南,水产综合楼,450,4.994450610432852,90.1
高楼层(共52层),2023年,3室2厅,78.6平米,东,鸿荣源尚璟公馆,700,8.9058524173028,78.6
中楼层(共34层),1995年,3室2厅,99.5平米,东南,深南花园,618,6.211055276381909,99.5
高楼层(共31层),2004年,3室2厅,87.73平米,东,英达钰龙园,550,6.269235153311295,87.73
中楼层(共49层),2017年,3室2厅,75.59平米,西北,豪方天际花园,650,8.599021034528377,75.59
中楼层(共27层),2015年,3室1厅,72.69平米,西南,山海津,460,6.328243224652635,72.69
高楼层(共39层),2021年,3室2厅,75.91平米,西南,晗山悦海城,699,9.208272954814912,75.91
低楼层(共33层),1998年,3室2厅,117平米,东南,锦绣花园一期,700,5.982905982905983,117.0
中楼层(共56层),2019年,3室2厅,89.99平米,西北,京基御景峯,600,6.66740748972108,89.99
中楼层(共31层),2002年,3室2厅,98.29平米,北,南景苑,599,6.0942110082409195,98.29
低楼层(共20层),1999年,3室2厅,93.22平米,西北,桃源村二期,540,5.792748337266681,93.22
低楼层(共20层),2003年,3室2厅,93.22平米,南,桃源村二期,596,6.393477794464707,93.22
中楼层(共20层),1999年,3室2厅,93平米,南,桃源村二期,545,5.860215053763441,93.0
低楼层(共32层),2016年,3室2厅,92.18平米,北,万科云城,530,5.749620308092862,92.18
低楼层(共14层),2000年,3室1厅,78.04平米,西南,创世纪滨海花园,600,7.688364941055868,78.04
低楼层(共21层),2003年,3室2厅,87.72平米,北,豪方现代豪园,700,7.979936160510716,87.72
低楼层(共30层),2016年,3室2厅,81.74平米,东南,深物业前海港湾花园,700,8.563738683631026,81.74
中楼层(共32层),2002年,4室2厅,107.55平米,西北,万象新园,590,5.485820548582055,107.55
高楼层(共33层),2002年,4室1厅,102.17平米,东南,万象新园,640,6.264069687775276,102.17
高楼层(共32层),2000年,4室1厅,116.59平米,东北,怡园大厦,530,4.545844412042199,116.59
中楼层(共31层),2003年,4室1厅,84.39平米,东南,时代骄子大厦,450,5.332385353714895,84.39
高楼层(共32层),2000年,4室1厅,116.59平米,东南西北西南东北,怡园大厦,700,6.0039454498670555,116.59
高楼层(共18层),1999年,4室2厅,142.27平米,东南,天源大厦,690,4.849933225557039,142.27
中楼层(共26层),2002年,4室1厅,89.27平米,南,侨城豪苑,568,6.36271983869161,89.27
中楼层(共6层),1997年,4室1厅,93.35平米,南,祥祺花园,598,6.405998928762721,93.35
中楼层(共34层),1995年,4室2厅,132平米,南,深南花园,680,5.151515151515151,132.0
低楼层(共11层),2000年,4室1厅,113.15平米,南,宝珠花园,698,6.16880247459125,113.15
低楼层(共15层),2000年,4室1厅,97.07平米,南,汇园雅居,698,7.190687132996807,97.07
低楼层(共22层),2016年,4室2厅,88.34平米,东南西北,前海丹华,580,6.5655422232284355,88.34
中楼层(共34层),1995年,4室1厅,99.5平米,南北,深南花园,620,6.231155778894473,99.5
中楼层(共22层),2017年,4室2厅,87.35平米,南,佳兆业前海广场二期,470,5.3806525472238125,87.35
中楼层(共25层),2002年,4室2厅,143.11平米,东南,后海花园,698,4.877367060303262,143.11
高楼层(共20层),1999年,4室1厅,91.58平米,北东北,桃源村二期,475,5.186721991701245,91.58
低楼层(共9层),1995年,4室2厅,121.76平米,南,后海统建楼,690,5.6668856767411295,121.76
中楼层(共25层),2004年,4室2厅,150.71平米,南,顺天大厦,700,4.644681839294008,150.71
